시도,시군구,성별,총합계,D1(문화예술),D2(유학),D3(기술연수),D4(일반연수),D5(취재),D6(종교),D7(주재),D8(기업투자),D9(무역경영),D10(구직),E1(교수),E2(회화),E3(연구),E4(기술지도),E5(전문직업),E6(예술흥행),E7(특정활동),E8(계절근로),E9(비전문취업),E10(선원취업),F1(방문동거),F2(거주),F3(동반),F4(재외동포),F5(영주),F6(결혼이민),G1(기타),H1(관광취업),H2(방문취업),기타
총합계,총합계,총합계,"2,166,955 ",49 ,"228,864 ",878 ,"77,488 ",122 ,"1,797 ","1,097 ","8,435 ","2,614 ","26,101 ","1,787 ","12,566 ","3,321 ",208 ,212 ,"4,188 ","82,631 ","30,903 ","340,635 ","20,516 ","68,571 ","69,056 ","78,107 ","560,898 ","223,953 ","154,332 ","61,892 ","3,786 ","67,753 ","34,195 "
강원특별자치도,총계,총계,"33,519 ",,"7,739 ",21 ,"1,741 ",1 ,35 ,1 ,63 ,15 ,454 ,41 ,409 ,78 ,,,24 ,841 ,654 ,"6,525 ",982 ,"1,276 ",460 ,729 ,"4,141 ","1,747 ","3,587 ","1,464 ",23 ,345 ,123 
강원특별자치도,강릉시,총계,"4,798 ",,924 ,,618 ,,1 ,,6 ,4 ,121 ,3 ,38 ,16 ,,,5 ,82 ,34 ,616 ,164 ,216 ,54 ,105 ,562 ,215 ,440 ,503 ,,42 ,29 
강원특별자치도,강릉시,남성,"2,595 ",,451 ,,352 ,,1 ,,3 ,4 ,55 ,2 ,12 ,13 ,,,4 ,74 ,19 ,528 ,164 ,88 ,22 ,37 ,255 ,83 ,59 ,330 ,,22 ,17 
강원특별자치도,강릉시,여성,"2,203 ",,473 ,,266 ,,,,3 ,,66 ,1 ,26 ,3 ,,,1 ,8 ,15 ,88 ,,128 ,32 ,68 ,307 ,132 ,381 ,173 ,,20 ,12 
강원특별자치도,고성군,총계,"2,267 ",,"1,366 ",,50 ,,,,,4 ,39 ,17 ,10 ,,,,,32 ,10 ,242 ,207 ,27 ,26 ,14 ,88 ,21 ,62 ,39 ,,8 ,5 
강원특별자치도,고성군,남성,"1,639 ",,953 ,,33 ,,,,,4 ,33 ,7 ,2 ,,,,,32 ,4 ,239 ,207 ,11 ,13 ,2 ,38 ,7 ,13 ,36 ,,1 ,4 
강원특별자치도,고성군,여성,628 ,,413 ,,17 ,,,,,,6 ,10 ,8 ,,,,,,6 ,3 ,,16 ,13 ,12 ,50 ,14 ,49 ,3 ,,7 ,1 
강원특별자치도,동해시,총계,"1,175 ",,14 ,,4 ,,1 ,,7 ,,4 ,,31 ,,,,1 ,29 ,,355 ,85 ,73 ,17 ,19 ,185 ,67 ,201 ,70 ,,9 ,3 
강원특별자치도,동해시,남성,677 ,,8 ,,2 ,,,,6 ,,4 ,,8 ,,,,,28 ,,326 ,85 ,28 ,7 ,9 ,76 ,20 ,18 ,46 ,,4 ,2 
강원특별자치도,동해시,여성,498 ,,6 ,,2 ,,1 ,,1 ,,,,23 ,,,,1 ,1 ,,29 ,,45 ,10 ,10 ,109 ,47 ,183 ,24 ,,5 ,1 
강원특별자치도,삼척시,총계,"1,541 ",,583 ,,16 ,,,,,,8 ,1 ,17 ,1 ,,,1 ,26 ,34 ,182 ,165 ,56 ,17 ,14 ,78 ,55 ,145 ,131 ,,4 ,7 
강원특별자치도,삼척시,남성,937 ,,291 ,,16 ,,,,,,7 ,1 ,3 ,,,,,26 ,17 ,177 ,165 ,22 ,7 ,4 ,34 ,13 ,13 ,131 ,,3 ,7 
강원특별자치도,삼척시,여성,604 ,,292 ,,,,,,,,1 ,,14 ,1 ,,,1 ,,17 ,5 ,,34 ,10 ,10 ,44 ,42 ,132 ,,,1 ,0 
강원특별자치도,속초시,총계,"2,258 ",,478 ,,45 ,,,,2 ,1 ,47 ,4 ,26 ,,,,,35 ,20 ,394 ,286 ,53 ,25 ,28 ,342 ,112 ,203 ,115 ,1 ,32 ,9 
강원특별자치도,속초시,남성,"1,389 ",,300 ,,32 ,,,,2 ,1 ,25 ,4 ,7 ,,,,,31 ,18 ,289 ,286 ,19 ,13 ,8 ,150 ,42 ,43 ,94 ,,17 ,8 
강원특별자치도,속초시,여성,869 ,,178 ,,13 ,,,,,,22 ,,19 ,,,,,4 ,2 ,105 ,,34 ,12 ,20 ,192 ,70 ,160 ,21 ,1 ,15 ,1 
강원특별자치도,양구군,총계,471 ,,2 ,,1 ,,,,,,,,12 ,,,,,2 ,114 ,148 ,,21 ,8 ,1 ,39 ,32 ,63 ,25 ,,3 ,0 
강원특별자치도,양구군,남성,265 ,,2 ,,1 ,,,,,,,,,,,,,2 ,114 ,96 ,,8 ,3 ,,9 ,3 ,2 ,23 ,,2 ,0 
강원특별자치도,양구군,여성,206 ,,,,,,,,,,,,12 ,,,,,,,52 ,,13 ,5 ,1 ,30 ,29 ,61 ,2 ,,1 ,0 
강원특별자치도,양양군,총계,627 ,,8 ,,1 ,,1 ,,,,3 ,,14 ,,,,,24 ,,225 ,75 ,18 ,2 ,5 ,109 ,40 ,66 ,27 ,,6 ,3 
강원특별자치도,양양군,남성,414 ,,5 ,,1 ,,,,,,2 ,,3 ,,,,,20 ,,203 ,75 ,5 ,1 ,1 ,49 ,11 ,7 ,24 ,,4 ,3 
강원특별자치도,양양군,여성,213 ,,3 ,,,,1 ,,,,1 ,,11 ,,,,,4 ,,22 ,,13 ,1 ,4 ,60 ,29 ,59 ,3 ,,2 ,0 
강원특별자치도,영월군,총계,668 ,,64 ,,80 ,1 ,2 ,,15 ,,1 ,,11 ,,,,,47 ,10 ,135 ,,31 ,9 ,12 ,90 ,32 ,88 ,25 ,,12 ,3 
강원특별자치도,영월군,남성,409 ,,43 ,,62 ,,2 ,,14 ,,1 ,,2 ,,,,,46 ,9 ,117 ,,11 ,6 ,5 ,41 ,9 ,7 ,22 ,,10 ,2 
강원특별자치도,영월군,여성,259 ,,21 ,,18 ,1 ,,,1 ,,,,9 ,,,,,1 ,1 ,18 ,,20 ,3 ,7 ,49 ,23 ,81 ,3 ,,2 ,1 
강원특별자치도,원주시,총계,"6,754 ",,"1,642 ",5 ,228 ,,4 ,,17 ,2 ,83 ,6 ,101 ,8 ,,,3 ,190 ,16 ,"1,246 ",,291 ,86 ,132 ,"1,018 ",447 ,843 ,267 ,8 ,91 ,20 
강원특별자치도,원주시,남성,"3,639 ",,937 ,5 ,132 ,,2 ,,13 ,2 ,48 ,6 ,17 ,5 ,,,3 ,174 ,9 ,"1,071 ",,101 ,31 ,40 ,462 ,167 ,149 ,198 ,1 ,53 ,13 
강원특별자치도,원주시,여성,"3,115 ",,705 ,,96 ,,2 ,,4 ,,35 ,,84 ,3 ,,,,16 ,7 ,175 ,,190 ,55 ,92 ,556 ,280 ,694 ,69 ,7 ,38 ,7 
강원특별자치도,인제군,총계,593 ,,1 ,,1 ,,1 ,,,,,,15 ,,,,,18 ,179 ,190 ,,19 ,1 ,8 ,45 ,29 ,60 ,14 ,1 ,9 ,2 
강원특별자치도,인제군,남성,363 ,,,,1 ,,1 ,,,,,,4 ,,,,,16 ,130 ,147 ,,8 ,,1 ,22 ,12 ,3 ,10 ,1 ,5 ,2 
강원특별자치도,인제군,여성,230 ,,1 ,,,,,,,,,,11 ,,,,,2 ,49 ,43 ,,11 ,1 ,7 ,23 ,17 ,57 ,4 ,,4 ,0 
강원특별자치도,정선군,총계,435 ,,1 ,,,,,1 ,,2 ,1 ,,11 ,,,,,10 ,35 ,89 ,,36 ,4 ,1 ,59 ,35 ,108 ,32 ,1 ,6 ,3 
강원특별자치도,정선군,남성,199 ,,1 ,,,,,1 ,,2 ,,,2 ,,,,,10 ,12 ,77 ,,12 ,2 ,1 ,29 ,5 ,8 ,30 ,,5 ,2 
강원특별자치도,정선군,여성,236 ,,,,,,,,,,1 ,,9 ,,,,,,23 ,12 ,,24 ,2 ,,30 ,30 ,100 ,2 ,1 ,1 ,1 
강원특별자치도,철원군,총계,"1,065 ",,10 ,,,,2 ,,,,,,8 ,,,,2 ,37 ,39 ,683 ,,32 ,7 ,14 ,64 ,46 ,103 ,6 ,,9 ,3 
강원특별자치도,철원군,남성,672 ,,5 ,,,,1 ,,,,,,2 ,,,,1 ,36 ,29 ,521 ,,16 ,3 ,3 ,30 ,9 ,5 ,6 ,,3 ,2 
강원특별자치도,철원군,여성,393 ,,5 ,,,,1 ,,,,,,6 ,,,,1 ,1 ,10 ,162 ,,16 ,4 ,11 ,34 ,37 ,98 ,,,6 ,1 
강원특별자치도,춘천시,총계,"6,341 ",,"2,532 ",8 ,654 ,,5 ,,5 ,1 ,130 ,10 ,54 ,45 ,,,4 ,86 ,38 ,370 ,,180 ,117 ,246 ,739 ,312 ,607 ,115 ,9 ,56 ,18 
강원특별자치도,춘천시,남성,"3,195 ",,"1,310 ",6 ,454 ,,5 ,,2 ,1 ,65 ,7 ,20 ,35 ,,,4 ,69 ,38 ,313 ,,66 ,50 ,101 ,314 ,118 ,85 ,88 ,2 ,31 ,11 
강원특별자치도,춘천시,여성,"3,146 ",,"1,222 ",2 ,200 ,,,,3 ,,65 ,3 ,34 ,10 ,,,,17 ,,57 ,,114 ,67 ,145 ,425 ,194 ,522 ,27 ,7 ,25 ,7 
강원특별자치도,태백시,총계,407 ,,1 ,,,,11 ,,,,,,15 ,,,,4 ,25 ,1 ,72 ,,37 ,8 ,9 ,66 ,39 ,98 ,14 ,,4 ,3 
강원특별자치도,태백시,남성,160 ,,,,,,2 ,,,,,,4 ,,,,1 ,25 ,1 ,52 ,,10 ,2 ,4 ,25 ,12 ,7 ,12 ,,1 ,2 
강원특별자치도,태백시,여성,247 ,,1 ,,,,9 ,,,,,,11 ,,,,3 ,,,20 ,,27 ,6 ,5 ,41 ,27 ,91 ,2 ,,3 ,1 
강원특별자치도,평창군,총계,801 ,,34 ,,,,,,10 ,1 ,4 ,,12 ,6 ,,,4 ,28 ,33 ,219 ,,59 ,4 ,29 ,151 ,68 ,103 ,14 ,1 ,21 ,0 
강원특별자치도,평창군,남성,413 ,,19 ,,,,,,10 ,1 ,2 ,,4 ,5 ,,,3 ,26 ,23 ,158 ,,25 ,3 ,10 ,77 ,17 ,10 ,9 ,,11 ,0 
강원특별자치도,평창군,여성,388 ,,15 ,,,,,,,,2 ,,8 ,1 ,,,1 ,2 ,10 ,61 ,,34 ,1 ,19 ,74 ,51 ,93 ,5 ,1 ,10 ,0 
강원특별자치도,홍천군,총계,"1,386 ",,9 ,2 ,2 ,,5 ,,,,4 ,,9 ,2 ,,,,88 ,38 ,564 ,,56 ,11 ,28 ,239 ,81 ,188 ,29 ,,23 ,8 
강원특별자치도,홍천군,남성,772 ,,2 ,2 ,,,2 ,,,,1 ,,2 ,2 ,,,,84 ,32 ,424 ,,24 ,6 ,4 ,107 ,24 ,17 ,20 ,,15 ,4 
강원특별자치도,홍천군,여성,614 ,,7 ,,2 ,,3 ,,,,3 ,,7 ,,,,,4 ,6 ,140 ,,32 ,5 ,24 ,132 ,57 ,171 ,9 ,,8 ,4 
강원특별자치도,화천군,총계,315 ,,,,,,,,1 ,,,,11 ,,,,,8 ,8 ,140 ,,13 ,2 ,,38 ,20 ,49 ,18 ,2 ,1 ,4 
강원특별자치도,화천군,남성,188 ,,,,,,,,1 ,,,,2 ,,,,,8 ,5 ,126 ,,6 ,1 ,,17 ,2 ,2 ,17 ,,,1 
강원특별자치도,화천군,여성,127 ,,,,,,,,,,,,9 ,,,,,,3 ,14 ,,7 ,1 ,,21 ,18 ,47 ,1 ,2 ,1 ,3 
강원특별자치도,횡성군,총계,"1,617 ",,70 ,6 ,41 ,,2 ,,,,9 ,,14 ,,,,,74 ,45 ,655 ,,58 ,62 ,64 ,229 ,96 ,160 ,20 ,,9 ,3 
강원특별자치도,횡성군,남성,"1,003 ",,53 ,5 ,33 ,,1 ,,,,9 ,,5 ,,,,,73 ,32 ,558 ,,22 ,43 ,11 ,81 ,37 ,20 ,13 ,,5 ,2 
강원특별자치도,횡성군,여성,614 ,,17 ,1 ,8 ,,1 ,,,,,,9 ,,,,,1 ,13 ,97 ,,36 ,19 ,53 ,148 ,59 ,140 ,7 ,,4 ,1 
경기도,총계,총계,"734,495 ",4 ,"36,288 ",193 ,"15,465 ",5 ,502 ,184 ,"1,829 ",315 ,"4,246 ",338 ,"2,929 ",624 ,9 ,1 ,"1,183 ","21,726 ","1,299 ","120,697 ",10 ,"21,870 ","24,216 ","25,132 ","243,813 ","96,979 ","47,205 ","21,195 ",374 ,"31,867 ","13,997 "
경기도,가평군,총계,"1,831 ",,67 ,,39 ,,12 ,,1 ,,18 ,1 ,20 ,,,,5 ,63 ,1 ,204 ,,73 ,129 ,98 ,443 ,288 ,280 ,20 ,6 ,57 ,6 
경기도,가평군,남성,822 ,,33 ,,17 ,,7 ,,,,9 ,,5 ,,,,2 ,55 ,1 ,172 ,,28 ,59 ,37 ,207 ,91 ,46 ,15 ,2 ,31 ,5 
경기도,가평군,여성,"1,009 ",,34 ,,22 ,,5 ,,1 ,,9 ,1 ,15 ,,,,3 ,8 ,,32 ,,45 ,70 ,61 ,236 ,197 ,234 ,5 ,4 ,26 ,1 
경기도,고양시 덕양구,총계,"8,693 ",1 ,976 ,1 ,76 ,1 ,1 ,2 ,37 ,6 ,72 ,14 ,58 ,2 ,,,8 ,306 ,38 ,573 ,1 ,239 ,284 ,190 ,"2,888 ","1,137 ","1,269 ",187 ,18 ,225 ,83 
경기도,고양시 덕양구,남성,"4,008 ",1 ,533 ,1 ,50 ,1 ,1 ,2 ,31 ,6 ,32 ,12 ,19 ,2 ,,,4 ,165 ,30 ,463 ,1 ,88 ,106 ,75 ,"1,281 ",520 ,237 ,146 ,3 ,126 ,72 
경기도,고양시 덕양구,여성,"4,685 ",,443 ,,26 ,,,,6 ,,40 ,2 ,39 ,,,,4 ,141 ,8 ,110 ,,151 ,178 ,115 ,"1,607 ",617 ,"1,032 ",41 ,15 ,99 ,11 
경기도,고양시 일산동구,총계,"7,162 ",,194 ,,46 ,,4 ,2 ,29 ,5 ,46 ,10 ,126 ,16 ,,1 ,32 ,251 ,40 ,"1,375 ",,171 ,203 ,200 ,"2,409 ",788 ,821 ,191 ,9 ,164 ,29 
경기도,고양시 일산동구,남성,"3,785 ",,82 ,,19 ,,2 ,2 ,22 ,4 ,16 ,9 ,49 ,9 ,,1 ,22 ,219 ,25 ,"1,240 ",,67 ,82 ,73 ,"1,051 ",372 ,199 ,127 ,2 ,70 ,21 
경기도,고양시 일산동구,여성,"3,377 ",,112 ,,27 ,,2 ,,7 ,1 ,30 ,1 ,77 ,7 ,,,10 ,32 ,15 ,135 ,,104 ,121 ,127 ,"1,358 ",416 ,622 ,64 ,7 ,94 ,8 
경기도,고양시 일산서구,총계,"6,383 ",,213 ,,91 ,,2 ,,28 ,6 ,54 ,3 ,40 ,2 ,,,8 ,89 ,33 ,373 ,,182 ,228 ,238 ,"2,729 ",870 ,593 ,314 ,7 ,245 ,35 
경기도,고양시 일산서구,남성,"3,078 ",,123 ,,53 ,,2 ,,22 ,3 ,28 ,1 ,11 ,1 ,,,6 ,74 ,23 ,300 ,,71 ,99 ,110 ,"1,268 ",408 ,119 ,201 ,1 ,126 ,28 
경기도,고양시 일산서구,여성,"3,305 ",,90 ,,38 ,,,,6 ,3 ,26 ,2 ,29 ,1 ,,,2 ,15 ,10 ,73 ,,111 ,129 ,128 ,"1,461 ",462 ,474 ,113 ,6 ,119 ,7 
경기도,과천시,총계,573 ,,3 ,,3 ,,3 ,,3 ,,3 ,,3 ,,,,2 ,16 ,,13 ,,17 ,8 ,2 ,334 ,48 ,103 ,3 ,1 ,6 ,2 
경기도,과천시,남성,223 ,,,,1 ,,,,3 ,,,,1 ,,,,2 ,13 ,,12 ,,6 ,2 ,1 ,136 ,18 ,23 ,2 ,1 ,2 ,0 
경기도,과천시,여성,350 ,,3 ,,2 ,,3 ,,,,3 ,,2 ,,,,,3 ,,1 ,,11 ,6 ,1 ,198 ,30 ,80 ,1 ,,4 ,2 
경기도,광명시,총계,"5,513 ",,60 ,5 ,22 ,1 ,2 ,3 ,23 ,,12 ,4 ,27 ,2 ,,,5 ,56 ,14 ,209 ,,161 ,186 ,89 ,"2,495 ","1,140 ",610 ,85 ,12 ,274 ,16 
경기도,광명시,남성,"2,606 ",,23 ,2 ,11 ,1 ,2 ,3 ,16 ,,4 ,3 ,11 ,2 ,,,3 ,48 ,7 ,204 ,,64 ,74 ,23 ,"1,150 ",588 ,131 ,67 ,2 ,158 ,9 
경기도,광명시,여성,"2,907 ",,37 ,3 ,11 ,,,,7 ,,8 ,1 ,16 ,,,,2 ,8 ,7 ,5 ,,97 ,112 ,66 ,"1,345 ",552 ,479 ,18 ,10 ,116 ,7 
경기도,광주시,총계,"19,399 ",,598 ,3 ,411 ,,4 ,6 ,28 ,7 ,66 ,1 ,21 ,1 ,,,5 ,"1,018 ",5 ,"7,199 ",,572 ,444 ,760 ,"3,987 ","1,750 ","1,399 ",496 ,12 ,515 ,91 
경기도,광주시,남성,"12,498 ",,318 ,2 ,245 ,,3 ,4 ,24 ,3 ,27 ,1 ,9 ,1 ,,,2 ,964 ,4 ,"6,386 ",,240 ,191 ,246 ,"1,965 ",880 ,278 ,360 ,3 ,262 ,80 
경기도,광주시,여성,"6,901 ",,280 ,1 ,166 ,,1 ,2 ,4 ,4 ,39 ,,12 ,,,,3 ,54 ,1 ,813 ,,332 ,253 ,514 ,"2,022 ",870 ,"1,121 ",136 ,9 ,253 ,11 
경기도,구리시,총계,"2,380 ",,163 ,,33 ,,5 ,,13 ,8 ,46 ,,43 ,4 ,,,6 ,78 ,,278 ,,89 ,73 ,115 ,626 ,310 ,354 ,61 ,15 ,55 ,5 
경기도,구리시,남성,"1,132 ",,79 ,,16 ,,3 ,,8 ,5 ,29 ,,12 ,1 ,,,2 ,52 ,,248 ,,38 ,30 ,54 ,290 ,123 ,66 ,35 ,8 ,30 ,3 
경기도,구리시,여성,"1,248 ",,84 ,,17 ,,2 ,,5 ,3 ,17 ,,31 ,3 ,,,4 ,26 ,,30 ,,51 ,43 ,61 ,336 ,187 ,288 ,26 ,7 ,25 ,2 
경기도,군포시,총계,"10,624 ",,344 ,1 ,81 ,,1 ,,12 ,5 ,58 ,7 ,34 ,2 ,,,8 ,136 ,,609 ,,301 ,419 ,212 ,"4,774 ","2,050 ",833 ,187 ,7 ,520 ,23 
경기도,군포시,남성,"5,194 ",,160 ,,37 ,,1 ,,7 ,2 ,22 ,7 ,15 ,1 ,,,3 ,114 ,,512 ,,126 ,179 ,90 ,"2,197 ","1,064 ",234 ,118 ,2 ,288 ,15 
경기도,군포시,여성,"5,430 ",,184 ,1 ,44 ,,,,5 ,3 ,36 ,,19 ,1 ,,,5 ,22 ,,97 ,,175 ,240 ,122 ,"2,577 ",986 ,599 ,69 ,5 ,232 ,8 
경기도,김포시,총계,"32,715 ",,582 ,13 ,162 ,,5 ,3 ,98 ,14 ,117 ,,118 ,1 ,,,20 ,"2,186 ",11 ,"13,217 ",4 ,788 ,884 ,"1,409 ","6,282 ","2,466 ","2,012 ","1,258 ",21 ,809 ,235 
경기도,김포시,남성,"23,244 ",,338 ,7 ,83 ,,4 ,2 ,85 ,6 ,41 ,,27 ,,,,14 ,"2,119 ",8 ,"12,730 ",4 ,304 ,422 ,394 ,"3,226 ","1,296 ",501 ,976 ,6 ,445 ,206 
경기도,김포시,여성,"9,471 ",,244 ,6 ,79 ,,1 ,1 ,13 ,8 ,76 ,,91 ,1 ,,,6 ,67 ,3 ,487 ,,484 ,462 ,"1,015 ","3,056 ","1,170 ","1,511 ",282 ,15 ,364 ,29 
경기도,남양주시,총계,"12,582 ",1 ,617 ,2 ,639 ,2 ,16 ,1 ,21 ,1 ,60 ,6 ,101 ,3 ,,,10 ,563 ,16 ,"3,681 ",,440 ,173 ,362 ,"2,424 ","1,099 ","1,651 ",452 ,14 ,141 ,86 
경기도,남양주시,남성,"6,998 ",,179 ,2 ,260 ,1 ,13 ,1 ,13 ,1 ,23 ,4 ,26 ,3 ,,,7 ,526 ,9 ,"3,321 ",,175 ,81 ,128 ,"1,019 ",429 ,270 ,359 ,1 ,71 ,76 
경기도,남양주시,여성,"5,584 ",1 ,438 ,,379 ,1 ,3 ,,8 ,,37 ,2 ,75 ,,,,3 ,37 ,7 ,360 ,,265 ,92 ,234 ,"1,405 ",670 ,"1,381 ",93 ,13 ,70 ,10 
경기도,동두천시,총계,"5,052 ",,322 ,3 ,215 ,,5 ,1 ,46 ,22 ,18 ,1 ,9 ,1 ,,,329 ,143 ,7 ,684 ,,137 ,127 ,237 ,621 ,319 ,465 ,678 ,4 ,38 ,620 
경기도,동두천시,남성,"2,878 ",,180 ,2 ,142 ,,4 ,1 ,42 ,19 ,8 ,,6 ,,,,11 ,140 ,5 ,624 ,,63 ,65 ,81 ,273 ,158 ,110 ,494 ,,16 ,434 
경기도,동두천시,여성,"2,174 ",,142 ,1 ,73 ,,1 ,,4 ,3 ,10 ,1 ,3 ,1 ,,,318 ,3 ,2 ,60 ,,74 ,62 ,156 ,348 ,161 ,355 ,184 ,4 ,22 ,186 
경기도,부천시 소사구,총계,"23,296 ",,434 ,,316 ,,1 ,2 ,13 ,1 ,27 ,1 ,22 ,,,,3 ,23 ,,83 ,2 ,619 ,"1,284 ",411 ,"10,844 ","6,689 ","1,237 ",59 ,5 ,"1,203 ",17 
경기도,부천시 소사구,남성,"11,396 ",,205 ,,145 ,,,,7 ,1 ,9 ,1 ,6 ,,,,,14 ,,76 ,2 ,274 ,540 ,174 ,"5,040 ","3,733 ",483 ,35 ,1 ,638 ,12 
경기도,부천시 소사구,여성,"11,900 ",,229 ,,171 ,,1 ,2 ,6 ,,18 ,,16 ,,,,3 ,9 ,,7 ,,345 ,744 ,237 ,"5,804 ","2,956 ",754 ,24 ,4 ,565 ,5 
경기도,부천시 오정구,총계,"4,807 ",,81 ,7 ,42 ,,2 ,,4 ,1 ,12 ,1 ,1 ,,,,,169 ,,"1,050 ",,177 ,188 ,132 ,"1,370 ",715 ,609 ,78 ,2 ,155 ,11 
경기도,부천시 오정구,남성,"2,669 ",,32 ,6 ,16 ,,1 ,,3 ,1 ,4 ,1 ,,,,,,158 ,,980 ,,80 ,84 ,61 ,614 ,348 ,131 ,62 ,,78 ,9 
경기도,부천시 오정구,여성,"2,138 ",,49 ,1 ,26 ,,1 ,,1 ,,8 ,,1 ,,,,,11 ,,70 ,,97 ,104 ,71 ,756 ,367 ,478 ,16 ,2 ,77 ,2 
경기도,부천시 원미구,총계,"26,719 ",,"2,033 ",4 ,"1,305 ",,9 ,,33 ,5 ,163 ,3 ,88 ,1 ,,,18 ,175 ,2 ,728 ,1 ,669 ,"1,305 ",494 ,"10,630 ","6,050 ","1,540 ",290 ,23 ,"1,088 ",62 
경기도,부천시 원미구,남성,"12,788 ",,857 ,1 ,559 ,,8 ,,29 ,4 ,53 ,3 ,24 ,,,,10 ,140 ,2 ,653 ,1 ,285 ,549 ,208 ,"4,803 ","3,317 ",488 ,148 ,6 ,600 ,40 
경기도,부천시 원미구,여성,"13,931 ",,"1,176 ",3 ,746 ,,1 ,,4 ,1 ,110 ,,64 ,1 ,,,8 ,35 ,,75 ,,384 ,756 ,286 ,"5,827 ","2,733 ","1,052 ",142 ,17 ,488 ,22 
경기도,성남시 분당구,총계,"6,708 ",1 ,203 ,,43 ,,4 ,24 ,156 ,1 ,32 ,2 ,307 ,30 ,1 ,,11 ,322 ,,25 ,,91 ,192 ,250 ,"3,692 ",534 ,662 ,20 ,7 ,51 ,47 
경기도,성남시 분당구,남성,"2,963 ",,58 ,,28 ,,2 ,21 ,143 ,1 ,9 ,2 ,103 ,26 ,1 ,,9 ,233 ,,19 ,,48 ,88 ,81 ,"1,568 ",249 ,210 ,10 ,4 ,20 ,30 
경기도,성남시 분당구,여성,"3,745 ",1 ,145 ,,15 ,,2 ,3 ,13 ,,23 ,,204 ,4 ,,,2 ,89 ,,6 ,,43 ,104 ,169 ,"2,124 ",285 ,452 ,10 ,3 ,31 ,17 
경기도,성남시 수정구,총계,"19,087 ",,"3,508 ",1 ,"1,131 ",,2 ,5 ,26 ,3 ,347 ,114 ,33 ,20 ,1 ,,2 ,226 ,4 ,72 ,,393 ,670 ,419 ,"6,920 ","2,678 ",763 ,115 ,6 ,"1,293 ",335 
경기도,성남시 수정구,남성,"8,987 ",,"1,550 ",1 ,398 ,,2 ,4 ,23 ,3 ,146 ,90 ,14 ,16 ,1 ,,2 ,150 ,2 ,65 ,,152 ,270 ,139 ,"3,351 ","1,483 ",183 ,73 ,3 ,690 ,176 
경기도,성남시 수정구,여성,"10,100 ",,"1,958 ",,733 ,,,1 ,3 ,,201 ,24 ,19 ,4 ,,,,76 ,2 ,7 ,,241 ,400 ,280 ,"3,569 ","1,195 ",580 ,42 ,3 ,603 ,159 
경기도,성남시 중원구,총계,"4,409 ",,240 ,10 ,120 ,,2 ,,10 ,1 ,34 ,6 ,17 ,5 ,,,1 ,87 ,,325 ,,165 ,172 ,79 ,"1,600 ",718 ,532 ,52 ,3 ,217 ,13 
경기도,성남시 중원구,남성,"1,996 ",,97 ,4 ,53 ,,2 ,,9 ,1 ,8 ,6 ,3 ,5 ,,,,64 ,,288 ,,57 ,71 ,22 ,734 ,335 ,92 ,33 ,1 ,101 ,10 
경기도,성남시 중원구,여성,"2,413 ",,143 ,6 ,67 ,,,,1 ,,26 ,,14 ,,,,1 ,23 ,,37 ,,108 ,101 ,57 ,866 ,383 ,440 ,19 ,2 ,116 ,3 
경기도,수원시 권선구,총계,"19,462 ",,580 ,8 ,127 ,,3 ,1 ,27 ,9 ,97 ,9 ,37 ,13 ,,,3 ,150 ,2 ,387 ,,617 ,963 ,457 ,"8,792 ","4,289 ","1,307 ",253 ,12 ,"1,264 ",55 
경기도,수원시 권선구,남성,"9,624 ",,277 ,7 ,41 ,,3 ,,19 ,5 ,41 ,5 ,7 ,10 ,,,1 ,129 ,1 ,328 ,,239 ,360 ,168 ,"4,307 ","2,446 ",314 ,186 ,2 ,689 ,39 
경기도,수원시 권선구,여성,"9,838 ",,303 ,1 ,86 ,,,1 ,8 ,4 ,56 ,4 ,30 ,3 ,,,2 ,21 ,1 ,59 ,,378 ,603 ,289 ,"4,485 ","1,843 ",993 ,67 ,10 ,575 ,16 
경기도,수원시 영통구,총계,"11,929 ",,"3,091 ",2 ,"1,226 ",,1 ,32 ,46 ,9 ,367 ,19 ,237 ,166 ,,,1 ,354 ,,211 ,,156 ,488 ,564 ,"2,390 ","1,320 ",667 ,189 ,18 ,291 ,84 
경기도,수원시 영통구,남성,"5,471 ",,"1,387 ",1 ,476 ,,1 ,25 ,37 ,8 ,134 ,14 ,64 ,145 ,,,,264 ,,179 ,,52 ,225 ,182 ,"1,060 ",706 ,150 ,143 ,3 ,150 ,65 
경기도,수원시 영통구,여성,"6,458 ",,"1,704 ",1 ,750 ,,,7 ,9 ,1 ,233 ,5 ,173 ,21 ,,,1 ,90 ,,32 ,,104 ,263 ,382 ,"1,330 ",614 ,517 ,46 ,15 ,141 ,19 
경기도,수원시 장안구,총계,"11,540 ",,"1,841 ",2 ,"1,042 ",,6 ,,15 ,4 ,157 ,19 ,53 ,142 ,,,23 ,54 ,,39 ,,261 ,478 ,314 ,"3,746 ","1,898 ",668 ,127 ,7 ,610 ,34 
경기도,수원시 장안구,남성,"5,631 ",,928 ,1 ,549 ,,3 ,,10 ,4 ,52 ,14 ,20 ,99 ,,,20 ,40 ,,33 ,,107 ,201 ,115 ,"1,815 ","1,032 ",150 ,75 ,2 ,339 ,22 
경기도,수원시 장안구,여성,"5,909 ",,913 ,1 ,493 ,,3 ,,5 ,,105 ,5 ,33 ,43 ,,,3 ,14 ,,6 ,,154 ,277 ,199 ,"1,931 ",866 ,518 ,52 ,5 ,271 ,12 
경기도,수원시 팔달구,총계,"23,647 ",,881 ,,401 ,,5 ,28 ,58 ,7 ,137 ,8 ,53 ,27 ,,,7 ,141 ,,63 ,,580 ,"1,133 ",526 ,"11,006 ","5,138 ",957 ,297 ,14 ,"2,080 ",100 
경기도,수원시 팔달구,남성,"12,080 ",,376 ,,120 ,,1 ,25 ,45 ,6 ,67 ,5 ,13 ,21 ,,,3 ,114 ,,52 ,,201 ,444 ,194 ,"5,660 ","2,957 ",306 ,207 ,1 ,"1,181 ",81 
경기도,수원시 팔달구,여성,"11,567 ",,505 ,,281 ,,4 ,3 ,13 ,1 ,70 ,3 ,40 ,6 ,,,4 ,27 ,,11 ,,379 ,689 ,332 ,"5,346 ","2,181 ",651 ,90 ,13 ,899 ,19 
경기도,시흥시,총계,"72,217 ",,"1,522 ",3 ,829 ,,18 ,1 ,110 ,14 ,377 ,11 ,45 ,5 ,,,11 ,"1,569 ",2 ,"6,566 ",,"2,301 ","3,312 ","2,826 ","31,127 ","11,801 ","3,412 ","1,191 ",14 ,"4,942 ",208 
경기도,시흥시,남성,"40,943 ",,784 ,2 ,489 ,,12 ,,84 ,11 ,186 ,8 ,13 ,5 ,,,7 ,"1,498 ",1 ,"6,406 ",,913 ,"1,360 ",980 ,"16,385 ","7,072 ",921 ,703 ,1 ,"2,944 ",158 
경기도,시흥시,여성,"31,274 ",,738 ,1 ,340 ,,6 ,1 ,26 ,3 ,191 ,3 ,32 ,,,,4 ,71 ,1 ,160 ,,"1,388 ","1,952 ","1,846 ","14,742 ","4,729 ","2,491 ",488 ,13 ,"1,998 ",50 
경기도,안산시 단원구,총계,"69,864 ",,666 ,25 ,212 ,,15 ,,101 ,24 ,202 ,5 ,41 ,6 ,,,35 ,"1,028 ",,"4,632 ",,"2,721 ","2,838 ","2,797 ","33,121 ","10,903 ","2,383 ","2,391 ",7 ,"5,227 ",484 
경기도,안산시 단원구,남성,"38,826 ",,326 ,21 ,103 ,,12 ,,85 ,20 ,125 ,4 ,11 ,3 ,,,24 ,971 ,,"4,474 ",,"1,157 ","1,131 ","1,038 ","17,179 ","6,207 ",759 ,"1,690 ",1 ,"3,095 ",390 
경기도,안산시 단원구,여성,"31,038 ",,340 ,4 ,109 ,,3 ,,16 ,4 ,77 ,1 ,30 ,3 ,,,11 ,57 ,,158 ,,"1,564 ","1,707 ","1,759 ","15,942 ","4,696 ","1,624 ",701 ,6 ,"2,132 ",94 
경기도,안산시 상록구,총계,"30,178 ",,"2,929 ",11 ,446 ,,6 ,,24 ,9 ,141 ,6 ,9 ,46 ,,,11 ,149 ,,521 ,,"1,380 ","1,066 ","1,191 ","14,347 ","4,127 ","1,454 ",728 ,3 ,"1,477 ",97 
경기도,안산시 상록구,남성,"14,730 ",,"1,299 ",9 ,177 ,,4 ,,18 ,8 ,61 ,4 ,2 ,34 ,,,5 ,122 ,,497 ,,616 ,434 ,508 ,"6,949 ","2,293 ",329 ,494 ,,798 ,69 
경기도,안산시 상록구,여성,"15,448 ",,"1,630 ",2 ,269 ,,2 ,,6 ,1 ,80 ,2 ,7 ,12 ,,,6 ,27 ,,24 ,,764 ,632 ,683 ,"7,398 ","1,834 ","1,125 ",234 ,3 ,679 ,28 
경기도,안성시,총계,"23,597 ",,"1,022 ",3 ,645 ,,97 ,1 ,27 ,14 ,84 ,2 ,36 ,10 ,,,,720 ,114 ,"5,859 ",,"1,020 ",541 ,996 ,"8,059 ","1,884 ",931 ,570 ,2 ,885 ,75 
경기도,안성시,남성,"14,283 ",,537 ,2 ,319 ,,34 ,1 ,20 ,13 ,55 ,1 ,10 ,8 ,,,,679 ,64 ,"5,209 ",,424 ,206 ,382 ,"4,134 ","1,053 ",174 ,418 ,1 ,486 ,53 
경기도,안성시,여성,"9,314 ",,485 ,1 ,326 ,,63 ,,7 ,1 ,29 ,1 ,26 ,2 ,,,,41 ,50 ,650 ,,596 ,335 ,614 ,"3,925 ",831 ,757 ,152 ,1 ,399 ,22 
경기도,안양시 동안구,총계,"3,092 ",,61 ,2 ,18 ,,1 ,5 ,31 ,3 ,14 ,2 ,147 ,2 ,,,13 ,84 ,,154 ,,109 ,94 ,54 ,"1,203 ",430 ,527 ,61 ,10 ,66 ,1 
경기도,안양시 동안구,남성,"1,315 ",,28 ,1 ,5 ,,1 ,5 ,25 ,3 ,5 ,2 ,41 ,1 ,,,11 ,62 ,,144 ,,47 ,36 ,21 ,497 ,182 ,105 ,54 ,2 ,36 ,1 
경기도,안양시 동안구,여성,"1,777 ",,33 ,1 ,13 ,,,,6 ,,9 ,,106 ,1 ,,,2 ,22 ,,10 ,,62 ,58 ,33 ,706 ,248 ,422 ,7 ,8 ,30 ,0 
경기도,안양시 만안구,총계,"9,349 ",,624 ,,442 ,,7 ,,13 ,,51 ,3 ,38 ,2 ,,,9 ,94 ,2 ,263 ,,221 ,351 ,162 ,"4,032 ","1,779 ",640 ,73 ,6 ,513 ,24 
경기도,안양시 만안구,남성,"4,647 ",,326 ,,221 ,,2 ,,12 ,,24 ,2 ,12 ,2 ,,,9 ,84 ,2 ,255 ,,71 ,154 ,56 ,"1,919 ",961 ,170 ,47 ,1 ,297 ,20 
경기도,안양시 만안구,여성,"4,702 ",,298 ,,221 ,,5 ,,1 ,,27 ,1 ,26 ,,,,,10 ,,8 ,,150 ,197 ,106 ,"2,113 ",818 ,470 ,26 ,5 ,216 ,4 
경기도,양주시,총계,"11,804 ",,607 ,6 ,619 ,,12 ,,59 ,27 ,54 ,3 ,17 ,1 ,,,1 ,602 ,301 ,"4,099 ",,304 ,220 ,585 ,"1,415 ",756 ,"1,083 ",668 ,3 ,93 ,269 
경기도,양주시,남성,"8,075 ",,398 ,6 ,386 ,,9 ,,48 ,19 ,30 ,,6 ,1 ,,,1 ,578 ,241 ,"3,866 ",,114 ,107 ,197 ,653 ,348 ,191 ,593 ,1 ,58 ,224 
경기도,양주시,여성,"3,729 ",,209 ,,233 ,,3 ,,11 ,8 ,24 ,3 ,11 ,,,,,24 ,60 ,233 ,,190 ,113 ,388 ,762 ,408 ,892 ,75 ,2 ,35 ,45 
경기도,양평군,총계,"2,501 ",,66 ,,33 ,,,,5 ,,6 ,,29 ,,,,7 ,56 ,17 ,786 ,,89 ,32 ,33 ,755 ,165 ,317 ,57 ,3 ,41 ,4 
경기도,양평군,남성,"1,176 ",,39 ,,28 ,,,,4 ,,2 ,,8 ,,,,6 ,48 ,11 ,476 ,,30 ,14 ,11 ,298 ,59 ,66 ,50 ,1 ,24 ,1 
경기도,양평군,여성,"1,325 ",,27 ,,5 ,,,,1 ,,4 ,,21 ,,,,1 ,8 ,6 ,310 ,,59 ,18 ,22 ,457 ,106 ,251 ,7 ,2 ,17 ,3 
경기도,여주시,총계,"6,039 ",,233 ,1 ,371 ,,1 ,,4 ,3 ,6 ,,12 ,,,,3 ,281 ,239 ,"2,769 ",,143 ,63 ,170 ,760 ,265 ,342 ,248 ,,107 ,18 
경기도,여주시,남성,"3,906 ",,150 ,,258 ,,1 ,,4 ,3 ,3 ,,3 ,,,,2 ,255 ,127 ,"2,143 ",,59 ,28 ,54 ,369 ,114 ,61 ,202 ,,59 ,11 
경기도,여주시,여성,"2,133 ",,83 ,1 ,113 ,,,,,,3 ,,9 ,,,,1 ,26 ,112 ,626 ,,84 ,35 ,116 ,391 ,151 ,281 ,46 ,,48 ,7 
경기도,연천군,총계,"1,661 ",,29 ,1 ,4 ,,10 ,,1 ,,8 ,,8 ,,,,1 ,118 ,43 ,579 ,,75 ,81 ,137 ,175 ,64 ,114 ,149 ,2 ,24 ,38 
경기도,연천군,남성,"1,145 ",,13 ,1 ,3 ,,4 ,,1 ,,4 ,,1 ,,,,1 ,114 ,28 ,538 ,,29 ,60 ,33 ,88 ,19 ,17 ,139 ,1 ,17 ,34 
경기도,연천군,여성,516 ,,16 ,,1 ,,6 ,,,,4 ,,7 ,,,,,4 ,15 ,41 ,,46 ,21 ,104 ,87 ,45 ,97 ,10 ,1 ,7 ,4 
경기도,오산시,총계,"22,073 ",,691 ,3 ,178 ,,1 ,1 ,31 ,3 ,128 ,,17 ,3 ,,,3 ,253 ,1 ,654 ,,728 ,864 ,586 ,"10,487 ","4,239 ","1,403 ",297 ,10 ,"1,406 ",86 
경기도,오산시,남성,"11,460 ",,427 ,3 ,86 ,,1 ,1 ,29 ,1 ,56 ,,6 ,2 ,,,3 ,234 ,,555 ,,280 ,355 ,219 ,"5,426 ","2,343 ",342 ,202 ,,825 ,64 
경기도,오산시,여성,"10,613 ",,264 ,,92 ,,,,2 ,2 ,72 ,,11 ,1 ,,,,19 ,1 ,99 ,,448 ,509 ,367 ,"5,061 ","1,896 ","1,061 ",95 ,10 ,581 ,22 
경기도,용인시 기흥구,총계,"8,816 ",,"1,823 ",1 ,396 ,1 ,1 ,1 ,15 ,2 ,99 ,10 ,73 ,22 ,,,38 ,146 ,1 ,329 ,,166 ,214 ,154 ,"3,067 ",994 ,819 ,107 ,5 ,300 ,32 
경기도,용인시 기흥구,남성,"4,207 ",,881 ,1 ,230 ,,1 ,1 ,11 ,2 ,40 ,7 ,20 ,18 ,,,20 ,125 ,,311 ,,63 ,84 ,56 ,"1,396 ",472 ,213 ,84 ,1 ,150 ,20 
경기도,용인시 기흥구,여성,"4,609 ",,942 ,,166 ,1 ,,,4 ,,59 ,3 ,53 ,4 ,,,18 ,21 ,1 ,18 ,,103 ,130 ,98 ,"1,671 ",522 ,606 ,23 ,4 ,150 ,12 
경기도,용인시 수지구,총계,"5,598 ",,"1,118 ",,86 ,,145 ,2 ,19 ,2 ,30 ,2 ,183 ,6 ,,,3 ,224 ,,35 ,,67 ,103 ,139 ,"2,310 ",455 ,450 ,28 ,5 ,151 ,35 
경기도,용인시 수지구,남성,"2,335 ",,416 ,,23 ,,89 ,1 ,17 ,1 ,11 ,2 ,53 ,6 ,,,1 ,155 ,,29 ,,29 ,49 ,63 ,978 ,185 ,114 ,19 ,2 ,69 ,23 
경기도,용인시 수지구,여성,"3,263 ",,702 ,,63 ,,56 ,1 ,2 ,1 ,19 ,,130 ,,,,2 ,69 ,,6 ,,38 ,54 ,76 ,"1,332 ",270 ,336 ,9 ,3 ,82 ,12 
경기도,용인시 처인구,총계,"15,754 ",,"1,047 ",5 ,474 ,,2 ,2 ,27 ,3 ,117 ,26 ,33 ,15 ,,,19 ,680 ,80 ,"4,867 ",,358 ,363 ,553 ,"3,361 ","1,563 ","1,040 ",513 ,6 ,530 ,70 
경기도,용인시 처인구,남성,"9,801 ",,590 ,4 ,252 ,,,2 ,21 ,3 ,55 ,17 ,7 ,11 ,,,19 ,631 ,51 ,"4,235 ",,136 ,143 ,162 ,"1,683 ",826 ,206 ,394 ,1 ,299 ,53 
경기도,용인시 처인구,여성,"5,953 ",,457 ,1 ,222 ,,2 ,,6 ,,62 ,9 ,26 ,4 ,,,,49 ,29 ,632 ,,222 ,220 ,391 ,"1,678 ",737 ,834 ,119 ,5 ,231 ,17 
경기도,의왕시,총계,"1,681 ",,19 ,2 ,18 ,,1 ,,2 ,,4 ,,42 ,1 ,,,4 ,60 ,,232 ,,54 ,39 ,30 ,567 ,240 ,299 ,28 ,2 ,32 ,5 
경기도,의왕시,남성,786 ,,6 ,2 ,10 ,,1 ,,2 ,,2 ,,13 ,1 ,,,1 ,49 ,,191 ,,21 ,11 ,10 ,243 ,108 ,69 ,23 ,1 ,18 ,4 
경기도,의왕시,여성,895 ,,13 ,,8 ,,,,,,2 ,,29 ,,,,3 ,11 ,,41 ,,33 ,28 ,20 ,324 ,132 ,230 ,5 ,1 ,14 ,1 
경기도,의정부시,총계,"10,461 ",,"2,875 ",3 ,"1,183 ",,3 ,,18 ,18 ,217 ,6 ,64 ,,,,24 ,94 ,11 ,224 ,,381 ,236 ,267 ,"2,117 ",997 ,"1,155 ",206 ,11 ,167 ,184 
경기도,의정부시,남성,"4,971 ",,"1,539 ",2 ,736 ,,3 ,,9 ,11 ,85 ,3 ,16 ,,,,3 ,58 ,9 ,182 ,,149 ,82 ,128 ,911 ,456 ,206 ,146 ,3 ,96 ,138 
경기도,의정부시,여성,"5,490 ",,"1,336 ",1 ,447 ,,,,9 ,7 ,132 ,3 ,48 ,,,,21 ,36 ,2 ,42 ,,232 ,154 ,139 ,"1,206 ",541 ,949 ,60 ,8 ,71 ,46 
경기도,이천시,총계,"13,257 ",1 ,521 ,2 ,248 ,,2 ,3 ,24 ,14 ,40 ,2 ,17 ,2 ,,,4 ,529 ,24 ,"6,493 ",,291 ,196 ,371 ,"1,769 ",780 ,767 ,774 ,3 ,328 ,52 
경기도,이천시,남성,"8,349 ",,341 ,2 ,166 ,,1 ,3 ,18 ,10 ,22 ,2 ,3 ,2 ,,,2 ,470 ,17 ,"4,836 ",,109 ,76 ,112 ,885 ,375 ,113 ,554 ,1 ,192 ,37 
경기도,이천시,여성,"4,908 ",1 ,180 ,,82 ,,1 ,,6 ,4 ,18 ,,14 ,,,,2 ,59 ,7 ,"1,657 ",,182 ,120 ,259 ,884 ,405 ,654 ,220 ,2 ,136 ,15 
경기도,파주시,총계,"19,841 ",,324 ,9 ,117 ,,9 ,20 ,65 ,16 ,72 ,,115 ,,,,159 ,"1,201 ",75 ,"7,947 ",,509 ,346 ,792 ,"3,181 ","1,422 ","1,855 ",998 ,9 ,318 ,282 
경기도,파주시,남성,"13,500 ",,223 ,8 ,81 ,,6 ,19 ,59 ,15 ,44 ,,35 ,,,,134 ,"1,151 ",53 ,"7,407 ",,202 ,159 ,203 ,"1,474 ",675 ,345 ,774 ,2 ,193 ,238 
경기도,파주시,여성,"6,341 ",,101 ,1 ,36 ,,3 ,1 ,6 ,1 ,28 ,,80 ,,,,25 ,50 ,22 ,540 ,,307 ,187 ,589 ,"1,707 ",747 ,"1,510 ",224 ,7 ,125 ,44 
경기도,평택시,총계,"50,600 ",,"1,290 ",12 ,703 ,,15 ,14 ,164 ,15 ,295 ,7 ,119 ,3 ,7 ,,286 ,"1,240 ",187 ,"6,061 ",1 ,"1,771 ","1,173 ","1,690 ","13,842 ","4,790 ","3,458 ","2,405 ",20 ,"1,749 ","9,283 "
경기도,평택시,남성,"28,366 ",,669 ,8 ,417 ,,13 ,13 ,144 ,11 ,124 ,5 ,24 ,1 ,7 ,,15 ,"1,152 ",132 ,"5,617 ",1 ,703 ,489 ,686 ,"6,872 ","2,640 ",784 ,"1,772 ",2 ,931 ,"5,134 "
경기도,평택시,여성,"22,234 ",,621 ,4 ,286 ,,2 ,1 ,20 ,4 ,171 ,2 ,95 ,2 ,,,271 ,88 ,55 ,444 ,,"1,068 ",684 ,"1,004 ","6,970 ","2,150 ","2,674 ",633 ,18 ,818 ,"4,149 "
경기도,포천시,총계,"18,269 ",,556 ,9 ,263 ,,14 ,,19 ,11 ,38 ,1 ,14 ,,,,9 ,"1,522 ",10 ,"9,024 ",,298 ,194 ,816 ,"1,450 ",782 ,780 ,"1,863 ",1 ,153 ,442 
경기도,포천시,남성,"13,416 ",,323 ,7 ,170 ,,7 ,,15 ,9 ,20 ,1 ,3 ,,,,6 ,"1,443 ",9 ,"7,599 ",,126 ,88 ,194 ,731 ,393 ,132 ,"1,648 ",1 ,87 ,404 
경기도,포천시,여성,"4,853 ",,233 ,2 ,93 ,,7 ,,4 ,2 ,18 ,,11 ,,,,3 ,79 ,1 ,"1,425 ",,172 ,106 ,622 ,719 ,389 ,648 ,215 ,,66 ,38 
경기도,하남시,총계,"3,942 ",,98 ,,42 ,,4 ,,19 ,5 ,19 ,5 ,127 ,2 ,,,22 ,215 ,,405 ,,131 ,126 ,175 ,"1,334 ",382 ,646 ,78 ,9 ,78 ,20 
경기도,하남시,남성,"1,813 ",,51 ,,23 ,,2 ,,16 ,4 ,9 ,3 ,38 ,2 ,,,12 ,172 ,,349 ,,44 ,51 ,61 ,572 ,158 ,133 ,52 ,4 ,41 ,16 
경기도,하남시,여성,"2,129 ",,47 ,,19 ,,2 ,,3 ,1 ,10 ,2 ,89 ,,,,10 ,43 ,,56 ,,87 ,75 ,114 ,762 ,224 ,513 ,26 ,5 ,37 ,4 
경기도,화성시 동탄구,총계,"4,516 ",,41 ,20 ,19 ,,1 ,20 ,148 ,4 ,29 ,2 ,246 ,44 ,,,4 ,196 ,,404 ,,186 ,155 ,200 ,"1,087 ",615 ,938 ,42 ,14 ,61 ,40 
경기도,화성시 동탄구,남성,"1,955 ",,8 ,6 ,6 ,,1 ,16 ,139 ,4 ,9 ,1 ,71 ,41 ,,,3 ,169 ,,346 ,,63 ,67 ,66 ,464 ,230 ,158 ,28 ,2 ,31 ,26 
경기도,화성시 동탄구,여성,"2,561 ",,33 ,14 ,13 ,,,4 ,9 ,,20 ,1 ,175 ,3 ,,,1 ,27 ,,58 ,,123 ,88 ,134 ,623 ,385 ,780 ,14 ,12 ,30 ,14 
경기도,화성시 만세구,총계,"51,163 ",,412 ,6 ,71 ,,28 ,2 ,146 ,9 ,129 ,1 ,26 ,9 ,,,7 ,"3,361 ",16 ,"22,057 ",1 ,"1,289 ","1,130 ","2,387 ","10,717 ","3,674 ","1,801 ","2,075 ",3 ,"1,600 ",206 
경기도,화성시 만세구,남성,"36,766 ",,231 ,6 ,37 ,,11 ,2 ,131 ,6 ,59 ,1 ,8 ,9 ,,,6 ,"3,148 ",14 ,"20,419 ",1 ,512 ,490 ,732 ,"5,664 ","2,152 ",436 ,"1,591 ",,924 ,176 
경기도,화성시 만세구,여성,"14,397 ",,181 ,,34 ,,17 ,,15 ,3 ,70 ,,18 ,,,,1 ,213 ,2 ,"1,638 ",,777 ,640 ,"1,655 ","5,053 ","1,522 ","1,365 ",484 ,3 ,676 ,30 
경기도,화성시 병점구,총계,"4,866 ",,382 ,3 ,85 ,,1 ,2 ,20 ,4 ,104 ,1 ,11 ,4 ,,,2 ,134 ,,582 ,,170 ,216 ,171 ,"1,374 ",743 ,559 ,97 ,3 ,177 ,21 
경기도,화성시 병점구,남성,"2,494 ",,209 ,1 ,43 ,,1 ,1 ,17 ,2 ,40 ,,4 ,3 ,,,1 ,126 ,,497 ,,64 ,98 ,54 ,663 ,400 ,94 ,72 ,,87 ,17 
경기도,화성시 병점구,여성,"2,372 ",,173 ,2 ,42 ,,,1 ,3 ,2 ,64 ,1 ,7 ,1 ,,,1 ,8 ,,85 ,,106 ,118 ,117 ,711 ,343 ,465 ,25 ,3 ,90 ,4 
경기도,화성시 효행구,총계,"8,845 ",,301 ,4 ,392 ,,13 ,,10 ,,39 ,14 ,12 ,3 ,,,1 ,564 ,3 ,"3,757 ",,210 ,232 ,292 ,"1,154 ",835 ,700 ,136 ,,141 ,32 
경기도,화성시 효행구,남성,"5,777 ",,134 ,4 ,210 ,,9 ,,6 ,,22 ,8 ,1 ,2 ,,,1 ,521 ,1 ,"3,281 ",,66 ,102 ,87 ,531 ,428 ,132 ,117 ,,87 ,27 
경기도,화성시 효행구,여성,"3,068 ",,167 ,,182 ,,4 ,,4 ,,17 ,6 ,11 ,1 ,,,,43 ,2 ,476 ,,144 ,130 ,205 ,623 ,407 ,568 ,19 ,,54 ,5 
경상남도,총계,총계,"130,414 ",,"5,378 ",212 ,"2,547 ",,95 ,80 ,255 ,534 ,"1,117 ",21 ,539 ,129 ,16 ,,269 ,"13,358 ","7,286 ","42,160 ","3,418 ","4,368 ","2,758 ","7,141 ","14,778 ","6,167 ","10,023 ","5,149 ",22 ,"1,345 ","1,249 "
경상남도,거제시,총계,"18,225 ",,185 ,,226 ,,4 ,37 ,13 ,466 ,321 ,,73 ,,1 ,,91 ,"5,445 ",239 ,"4,719 ",193 ,275 ,263 ,"1,580 ","1,724 ",548 ,872 ,774 ,2 ,83 ,91 
경상남도,거제시,남성,"14,412 ",,140 ,,156 ,,4 ,34 ,10 ,434 ,290 ,,20 ,,1 ,,1 ,"5,338 ",141 ,"4,562 ",193 ,107 ,132 ,371 ,"1,171 ",272 ,213 ,689 ,,54 ,79 
경상남도,거제시,여성,"3,813 ",,45 ,,70 ,,,3 ,3 ,32 ,31 ,,53 ,,,,90 ,107 ,98 ,157 ,,168 ,131 ,"1,209 ",553 ,276 ,659 ,85 ,2 ,29 ,12 
경상남도,거창군,총계,"1,220 ",,50 ,,16 ,,1 ,,,,9 ,,20 ,,,,,34 ,373 ,291 ,,60 ,26 ,28 ,77 ,42 ,154 ,21 ,,13 ,5 
경상남도,거창군,남성,597 ,,40 ,,10 ,,,,,,8 ,,7 ,,,,,31 ,116 ,261 ,,24 ,14 ,7 ,34 ,11 ,13 ,12 ,,6 ,3 
경상남도,거창군,여성,623 ,,10 ,,6 ,,1 ,,,,1 ,,13 ,,,,,3 ,257 ,30 ,,36 ,12 ,21 ,43 ,31 ,141 ,9 ,,7 ,2 
경상남도,고성군,총계,"2,277 ",,,,2 ,,,,1 ,,10 ,,12 ,,,,,243 ,306 ,"1,015 ",36 ,76 ,91 ,113 ,97 ,53 ,176 ,20 ,,6 ,20 
경상남도,고성군,남성,"1,660 ",,,,2 ,,,,,,10 ,,2 ,,,,,241 ,174 ,943 ,36 ,29 ,71 ,27 ,53 ,17 ,18 ,14 ,,3 ,20 
경상남도,고성군,여성,617 ,,,,,,,,1 ,,,,10 ,,,,,2 ,132 ,72 ,,47 ,20 ,86 ,44 ,36 ,158 ,6 ,,3 ,0 
경상남도,김해시,총계,"32,949 ",,"1,687 ",94 ,"1,200 ",,15 ,5 ,113 ,24 ,219 ,3 ,54 ,7 ,,,69 ,"2,493 ",361 ,"10,516 ",,"1,343 ",834 ,"1,830 ","5,245 ","1,897 ","2,053 ","2,046 ",6 ,470 ,365 
경상남도,김해시,남성,"22,871 ",,"1,053 ",88 ,653 ,,10 ,4 ,97 ,22 ,144 ,2 ,24 ,6 ,,,11 ,"2,429 ",185 ,"10,082 ",,526 ,390 ,573 ,"2,701 ","1,019 ",518 ,"1,728 ",,286 ,320 
경상남도,김해시,여성,"10,078 ",,634 ,6 ,547 ,,5 ,1 ,16 ,2 ,75 ,1 ,30 ,1 ,,,58 ,64 ,176 ,434 ,,817 ,444 ,"1,257 ","2,544 ",878 ,"1,535 ",318 ,6 ,184 ,45 
경상남도,남해군,총계,"1,343 ",,45 ,,,,1 ,,,,2 ,,5 ,,,,,49 ,213 ,599 ,174 ,31 ,7 ,8 ,90 ,22 ,76 ,16 ,,1 ,4 
경상남도,남해군,남성,"1,024 ",,34 ,,,,1 ,,,,,,2 ,,,,,47 ,85 ,591 ,174 ,15 ,4 ,1 ,34 ,5 ,12 ,15 ,,1 ,3 
경상남도,남해군,여성,319 ,,11 ,,,,,,,,2 ,,3 ,,,,,2 ,128 ,8 ,,16 ,3 ,7 ,56 ,17 ,64 ,1 ,,,1 
경상남도,밀양시,총계,"6,609 ",,53 ,7 ,11 ,,8 ,,4 ,,10 ,2 ,12 ,9 ,,,,378 ,"1,755 ","2,987 ",,127 ,175 ,254 ,200 ,123 ,319 ,148 ,,12 ,15 
경상남도,밀양시,남성,"3,041 ",,26 ,5 ,6 ,,8 ,,4 ,,9 ,2 ,4 ,4 ,,,,340 ,571 ,"1,542 ",,53 ,109 ,63 ,93 ,54 ,34 ,98 ,,6 ,10 
경상남도,밀양시,여성,"3,568 ",,27 ,2 ,5 ,,,,,,1 ,,8 ,5 ,,,,38 ,"1,184 ","1,445 ",,74 ,66 ,191 ,107 ,69 ,285 ,50 ,,6 ,5 
경상남도,사천시,총계,"4,444 ",,18 ,,26 ,,5 ,20 ,14 ,3 ,18 ,,11 ,1 ,8 ,,25 ,428 ,159 ,"1,288 ","1,164 ",150 ,67 ,209 ,271 ,109 ,349 ,36 ,,23 ,42 
경상남도,사천시,남성,"3,421 ",,10 ,,24 ,,5 ,19 ,12 ,3 ,7 ,,1 ,1 ,8 ,,7 ,407 ,81 ,"1,212 ","1,164 ",53 ,36 ,50 ,124 ,62 ,61 ,31 ,,13 ,30 
경상남도,사천시,여성,"1,023 ",,8 ,,2 ,,,1 ,2 ,,11 ,,10 ,,,,18 ,21 ,78 ,76 ,,97 ,31 ,159 ,147 ,47 ,288 ,5 ,,10 ,12 
경상남도,산청군,총계,"1,387 ",,,,,,5 ,,,,1 ,,4 ,,,,,68 ,314 ,650 ,,50 ,33 ,52 ,86 ,18 ,83 ,10 ,,10 ,3 
경상남도,산청군,남성,622 ,,,,,,4 ,,,,1 ,,1 ,,,,,57 ,101 ,334 ,,19 ,29 ,13 ,32 ,7 ,7 ,9 ,,5 ,3 
경상남도,산청군,여성,765 ,,,,,,1 ,,,,,,3 ,,,,,11 ,213 ,316 ,,31 ,4 ,39 ,54 ,11 ,76 ,1 ,,5 ,0 
경상남도,양산시,총계,"11,382 ",,655 ,48 ,167 ,,5 ,,31 ,7 ,97 ,,64 ,7 ,,,2 ,691 ,11 ,"3,726 ",,407 ,232 ,632 ,"1,670 ",675 ,"1,319 ",701 ,1 ,164 ,70 
경상남도,양산시,남성,"7,442 ",,444 ,46 ,99 ,,4 ,,29 ,7 ,41 ,,16 ,4 ,,,,672 ,1 ,"3,530 ",,152 ,115 ,184 ,840 ,318 ,257 ,530 ,,96 ,57 
경상남도,양산시,여성,"3,940 ",,211 ,2 ,68 ,,1 ,,2 ,,56 ,,48 ,3 ,,,2 ,19 ,10 ,196 ,,255 ,117 ,448 ,830 ,357 ,"1,062 ",171 ,1 ,68 ,13 
경상남도,의령군,총계,"1,156 ",,2 ,,,,,,1 ,,9 ,,5 ,,,,,100 ,214 ,485 ,,35 ,31 ,78 ,66 ,31 ,69 ,15 ,,9 ,6 
경상남도,의령군,남성,777 ,,,,,,,,1 ,,7 ,,2 ,,,,,97 ,122 ,406 ,,12 ,22 ,17 ,42 ,14 ,10 ,15 ,,6 ,4 
경상남도,의령군,여성,379 ,,2 ,,,,,,,,2 ,,3 ,,,,,3 ,92 ,79 ,,23 ,9 ,61 ,24 ,17 ,59 ,,,3 ,2 
경상남도,진주시,총계,"7,712 ",,782 ,3 ,348 ,,10 ,9 ,12 ,4 ,65 ,12 ,63 ,78 ,5 ,,24 ,363 ,"1,241 ","2,035 ",2 ,359 ,103 ,373 ,443 ,270 ,891 ,142 ,4 ,38 ,33 
경상남도,진주시,남성,"4,621 ",,372 ,3 ,224 ,,10 ,9 ,8 ,4 ,36 ,9 ,28 ,57 ,5 ,,8 ,354 ,683 ,"1,818 ",2 ,130 ,45 ,113 ,235 ,106 ,206 ,109 ,,20 ,27 
경상남도,진주시,여성,"3,091 ",,410 ,,124 ,,,,4 ,,29 ,3 ,35 ,21 ,,,16 ,9 ,558 ,217 ,,229 ,58 ,260 ,208 ,164 ,685 ,33 ,4 ,18 ,6 
경상남도,창녕군,총계,"4,320 ",,19 ,7 ,5 ,,,,2 ,2 ,15 ,,8 ,,,,,288 ,456 ,"1,601 ",,134 ,53 ,233 ,649 ,62 ,250 ,398 ,,98 ,40 
경상남도,창녕군,남성,"2,981 ",,15 ,6 ,3 ,,,,2 ,2 ,11 ,,1 ,,,,,275 ,283 ,"1,440 ",,59 ,28 ,81 ,340 ,28 ,48 ,268 ,,59 ,32 
경상남도,창녕군,여성,"1,339 ",,4 ,1 ,2 ,,,,,,4 ,,7 ,,,,,13 ,173 ,161 ,,75 ,25 ,152 ,309 ,34 ,202 ,130 ,,39 ,8 
경상남도,창원시 마산합포구,총계,"2,983 ",,579 ,1 ,38 ,,13 ,,6 ,1 ,22 ,,25 ,1 ,,,2 ,147 ,4 ,741 ,197 ,151 ,53 ,83 ,300 ,184 ,359 ,31 ,2 ,29 ,14 
경상남도,창원시 마산합포구,남성,"1,835 ",,332 ,1 ,22 ,,7 ,,6 ,1 ,13 ,,7 ,,,,,141 ,4 ,682 ,197 ,62 ,27 ,26 ,137 ,75 ,45 ,25 ,,18 ,7 
경상남도,창원시 마산합포구,여성,"1,148 ",,247 ,,16 ,,6 ,,,,9 ,,18 ,1 ,,,2 ,6 ,,59 ,,89 ,26 ,57 ,163 ,109 ,314 ,6 ,2 ,11 ,7 
경상남도,창원시 마산회원구,총계,"3,368 ",,511 ,2 ,262 ,,,,4 ,,45 ,1 ,7 ,,,,2 ,160 ,1 ,737 ,,159 ,83 ,173 ,436 ,285 ,364 ,49 ,,63 ,24 
경상남도,창원시 마산회원구,남성,"1,976 ",,271 ,1 ,143 ,,,,2 ,,18 ,1 ,1 ,,,,1 ,151 ,,699 ,,54 ,34 ,51 ,235 ,147 ,68 ,43 ,,38 ,18 
경상남도,창원시 마산회원구,여성,"1,392 ",,240 ,1 ,119 ,,,,2 ,,27 ,,6 ,,,,1 ,9 ,1 ,38 ,,105 ,49 ,122 ,201 ,138 ,296 ,6 ,,25 ,6 
경상남도,창원시 성산구,총계,"5,637 ",,167 ,28 ,130 ,,5 ,7 ,20 ,5 ,65 ,1 ,76 ,12 ,2 ,,44 ,525 ,7 ,"1,611 ",,187 ,151 ,307 ,889 ,521 ,554 ,185 ,3 ,88 ,47 
경상남도,창원시 성산구,남성,"3,715 ",,65 ,27 ,99 ,,3 ,7 ,19 ,4 ,28 ,1 ,27 ,9 ,2 ,,11 ,517 ,4 ,"1,573 ",,67 ,77 ,88 ,481 ,259 ,136 ,116 ,,51 ,44 
경상남도,창원시 성산구,여성,"1,922 ",,102 ,1 ,31 ,,2 ,,1 ,1 ,37 ,,49 ,3 ,,,33 ,8 ,3 ,38 ,,120 ,74 ,219 ,408 ,262 ,418 ,69 ,3 ,37 ,3 
경상남도,창원시 의창구,총계,"4,611 ",,445 ,5 ,96 ,,5 ,,5 ,4 ,98 ,1 ,34 ,12 ,,,1 ,303 ,112 ,"1,080 ",2 ,199 ,186 ,283 ,611 ,419 ,547 ,71 ,1 ,70 ,21 
경상남도,창원시 의창구,남성,"2,682 ",,207 ,4 ,44 ,,,,5 ,3 ,38 ,1 ,8 ,10 ,,,,295 ,70 ,"1,002 ",2 ,71 ,85 ,101 ,306 ,196 ,124 ,57 ,1 ,34 ,18 
경상남도,창원시 의창구,여성,"1,929 ",,238 ,1 ,52 ,,5 ,,,1 ,60 ,,26 ,2 ,,,1 ,8 ,42 ,78 ,,128 ,101 ,182 ,305 ,223 ,423 ,14 ,,36 ,3 
경상남도,창원시 진해구,총계,"6,530 ",,121 ,10 ,7 ,,5 ,2 ,11 ,9 ,46 ,1 ,16 ,1 ,,,1 ,566 ,,"1,922 ",,245 ,204 ,466 ,"1,104 ",507 ,666 ,154 ,2 ,97 ,367 
경상남도,창원시 진해구,남성,"4,300 ",,80 ,8 ,1 ,,5 ,2 ,9 ,8 ,28 ,1 ,6 ,,,,,543 ,,"1,854 ",,86 ,93 ,158 ,573 ,274 ,167 ,131 ,,52 ,221 
경상남도,창원시 진해구,여성,"2,230 ",,41 ,2 ,6 ,,,,2 ,1 ,18 ,,10 ,1 ,,,1 ,23 ,,68 ,,159 ,111 ,308 ,531 ,233 ,499 ,23 ,2 ,45 ,146 
경상남도,통영시,총계,"5,719 ",,25 ,,7 ,,5 ,,,,41 ,,13 ,,,,,287 ,420 ,"2,061 ","1,650 ",132 ,27 ,57 ,374 ,144 ,343 ,83 ,,32 ,18 
경상남도,통영시,남성,"4,709 ",,10 ,,7 ,,5 ,,,,37 ,,1 ,,,,,278 ,228 ,"1,988 ","1,650 ",53 ,4 ,17 ,196 ,63 ,67 ,71 ,,18 ,16 
경상남도,통영시,여성,"1,010 ",,15 ,,,,,,,,4 ,,12 ,,,,,9 ,192 ,73 ,,79 ,23 ,40 ,178 ,81 ,276 ,12 ,,14 ,2 
경상남도,하동군,총계,"1,189 ",,2 ,,,,,,,9 ,,,10 ,,,,,49 ,547 ,305 ,,58 ,3 ,15 ,58 ,25 ,94 ,4 ,,7 ,3 
경상남도,하동군,남성,603 ,,1 ,,,,,,,9 ,,,,,,,,44 ,279 ,196 ,,23 ,,3 ,26 ,5 ,3 ,4 ,,7 ,3 
경상남도,하동군,여성,586 ,,1 ,,,,,,,,,,10 ,,,,,5 ,268 ,109 ,,35 ,3 ,12 ,32 ,20 ,91 ,,,,0 
경상남도,함안군,총계,"5,519 ",,30 ,6 ,4 ,,3 ,,17 ,,23 ,,7 ,,,,7 ,652 ,211 ,"3,070 ",,102 ,124 ,307 ,254 ,153 ,259 ,208 ,,24 ,58 
경상남도,함안군,남성,"4,559 ",,14 ,5 ,1 ,,,,14 ,,9 ,,,,,,7 ,644 ,128 ,"2,992 ",,39 ,88 ,76 ,152 ,72 ,74 ,176 ,,15 ,53 
경상남도,함안군,여성,960 ,,16 ,1 ,3 ,,3 ,,3 ,,14 ,,7 ,,,,,8 ,83 ,78 ,,63 ,36 ,231 ,102 ,81 ,185 ,32 ,,9 ,5 
경상남도,함양군,총계,660 ,,,1 ,1 ,,,,,,,,10 ,1 ,,,,29 ,124 ,195 ,,43 ,2 ,21 ,78 ,35 ,93 ,22 ,,4 ,1 
경상남도,함양군,남성,361 ,,,1 ,,,,,,,,,2 ,1 ,,,,26 ,46 ,191 ,,15 ,,4 ,41 ,8 ,8 ,15 ,,2 ,1 
경상남도,함양군,여성,299 ,,,,1 ,,,,,,,,8 ,,,,,3 ,78 ,4 ,,28 ,2 ,17 ,37 ,27 ,85 ,7 ,,2 ,0 
경상남도,합천군,총계,"1,174 ",,2 ,,1 ,,5 ,,1 ,,1 ,,10 ,,,,1 ,60 ,218 ,526 ,,45 ,10 ,39 ,56 ,44 ,133 ,15 ,1 ,4 ,2 
경상남도,합천군,남성,703 ,,1 ,,1 ,,3 ,,1 ,,1 ,,1 ,,,,1 ,53 ,96 ,440 ,,14 ,4 ,12 ,36 ,12 ,7 ,14 ,,4 ,2 
경상남도,합천군,여성,471 ,,1 ,,,,2 ,,,,,,9 ,,,,,7 ,122 ,86 ,,31 ,6 ,27 ,20 ,32 ,126 ,1 ,1 ,,0 
경상북도,총계,총계,"98,849 ",1 ,"17,052 ",72 ,"5,653 ",,77 ,6 ,216 ,113 ,"1,521 ",209 ,401 ,179 ,2 ,,109 ,"4,100 ","3,306 ","23,662 ","2,947 ","3,752 ","2,136 ","4,263 ","11,103 ","3,619 ","7,670 ","4,233 ",38 ,"1,227 ","1,182 "
경상북도,경산시,총계,"23,290 ",,"11,813 ",4 ,"2,814 ",,12 ,1 ,50 ,45 ,830 ,169 ,37 ,31 ,,,5 ,572 ,7 ,"2,530 ",1 ,401 ,321 ,917 ,758 ,445 ,821 ,497 ,2 ,75 ,132 
경상북도,경산시,남성,"14,282 ",,"6,969 ",2 ,"1,707 ",,5 ,1 ,39 ,36 ,453 ,132 ,23 ,22 ,,,4 ,547 ,3 ,"2,347 ",1 ,148 ,144 ,290 ,397 ,250 ,188 ,418 ,1 ,40 ,115 
경상북도,경산시,여성,"9,008 ",,"4,844 ",2 ,"1,107 ",,7 ,,11 ,9 ,377 ,37 ,14 ,9 ,,,1 ,25 ,4 ,183 ,,253 ,177 ,627 ,361 ,195 ,633 ,79 ,1 ,35 ,17 
경상북도,경주시,총계,"21,343 ",1 ,"1,880 ",14 ,681 ,,12 ,,18 ,4 ,219 ,3 ,35 ,2 ,,,18 ,789 ,334 ,"4,375 ",438 ,995 ,319 ,994 ,"5,703 ",808 ,994 ,"1,839 ",3 ,749 ,116 
경상북도,경주시,남성,"13,642 ",,"1,006 ",14 ,456 ,,6 ,,13 ,1 ,94 ,3 ,15 ,,,,6 ,771 ,180 ,"4,070 ",438 ,450 ,124 ,394 ,"2,977 ",447 ,222 ,"1,436 ",,421 ,98 
경상북도,경주시,여성,"7,701 ",1 ,874 ,,225 ,,6 ,,5 ,3 ,125 ,,20 ,2 ,,,12 ,18 ,154 ,305 ,,545 ,195 ,600 ,"2,726 ",361 ,772 ,403 ,3 ,328 ,18 
경상북도,고령군,총계,"2,851 ",,20 ,,17 ,,,,4 ,,1 ,,2 ,,,,,233 ,396 ,"1,558 ",,58 ,76 ,127 ,109 ,69 ,125 ,30 ,,17 ,9 
경상북도,고령군,남성,"2,135 ",,11 ,,15 ,,,,4 ,,1 ,,2 ,,,,,230 ,143 ,"1,475 ",,24 ,42 ,35 ,60 ,37 ,12 ,26 ,,11 ,7 
경상북도,고령군,여성,716 ,,9 ,,2 ,,,,,,,,,,,,,3 ,253 ,83 ,,34 ,34 ,92 ,49 ,32 ,113 ,4 ,,6 ,2 
경상북도,구미시,총계,"8,641 ",,"1,388 ",36 ,206 ,,9 ,3 ,48 ,48 ,134 ,1 ,82 ,33 ,,,11 ,423 ,57 ,"2,009 ",,350 ,243 ,378 ,"1,016 ",627 ,"1,118 ",252 ,1 ,117 ,51 
경상북도,구미시,남성,"4,924 ",,706 ,15 ,139 ,,7 ,3 ,42 ,46 ,65 ,1 ,27 ,28 ,,,2 ,406 ,36 ,"1,801 ",,116 ,104 ,95 ,519 ,286 ,186 ,180 ,,70 ,44 
경상북도,구미시,여성,"3,717 ",,682 ,21 ,67 ,,2 ,,6 ,2 ,69 ,,55 ,5 ,,,9 ,17 ,21 ,208 ,,234 ,139 ,283 ,497 ,341 ,932 ,72 ,1 ,47 ,7 
경상북도,김천시,총계,"4,710 ",,482 ,4 ,681 ,,5 ,,15 ,3 ,90 ,,20 ,2 ,,,3 ,246 ,89 ,"1,566 ",,149 ,82 ,187 ,333 ,137 ,370 ,187 ,,26 ,33 
경상북도,김천시,남성,"3,036 ",,275 ,,421 ,,4 ,,14 ,1 ,41 ,,6 ,1 ,,,,233 ,60 ,"1,366 ",,52 ,45 ,47 ,167 ,67 ,56 ,130 ,,18 ,32 
경상북도,김천시,여성,"1,674 ",,207 ,4 ,260 ,,1 ,,1 ,2 ,49 ,,14 ,1 ,,,3 ,13 ,29 ,200 ,,97 ,37 ,140 ,166 ,70 ,314 ,57 ,,8 ,1 
경상북도,문경시,총계,"1,331 ",,25 ,,30 ,,,,2 ,,4 ,,9 ,,,,1 ,51 ,158 ,366 ,,82 ,25 ,44 ,209 ,72 ,178 ,44 ,1 ,27 ,3 
경상북도,문경시,남성,740 ,,22 ,,19 ,,,,1 ,,4 ,,2 ,,,,1 ,45 ,98 ,282 ,,32 ,18 ,13 ,102 ,37 ,16 ,34 ,,11 ,3 
경상북도,문경시,여성,591 ,,3 ,,11 ,,,,1 ,,,,7 ,,,,,6 ,60 ,84 ,,50 ,7 ,31 ,107 ,35 ,162 ,10 ,1 ,16 ,0 
경상북도,봉화군,총계,487 ,,3 ,,,,1 ,,,,,,,,,,,17 ,7 ,170 ,,60 ,6 ,10 ,61 ,34 ,103 ,9 ,,5 ,1 
경상북도,봉화군,남성,233 ,,2 ,,,,1 ,,,,,,,,,,,17 ,5 ,135 ,,22 ,3 ,3 ,23 ,9 ,4 ,7 ,,1 ,1 
경상북도,봉화군,여성,254 ,,1 ,,,,,,,,,,,,,,,,2 ,35 ,,38 ,3 ,7 ,38 ,25 ,99 ,2 ,,4 ,0 
경상북도,상주시,총계,"2,300 ",,56 ,,1 ,,7 ,,2 ,,3 ,1 ,10 ,3 ,,,,58 ,754 ,414 ,,113 ,93 ,89 ,189 ,88 ,315 ,79 ,1 ,17 ,7 
경상북도,상주시,남성,"1,253 ",,31 ,,1 ,,6 ,,1 ,,1 ,1 ,2 ,3 ,,,,57 ,475 ,349 ,,46 ,46 ,28 ,79 ,34 ,31 ,52 ,,7 ,3 
경상북도,상주시,여성,"1,047 ",,25 ,,,,1 ,,1 ,,2 ,,8 ,,,,,1 ,279 ,65 ,,67 ,47 ,61 ,110 ,54 ,284 ,27 ,1 ,10 ,4 
경상북도,성주군,총계,"2,929 ",,36 ,,18 ,,5 ,,6 ,2 ,8 ,,6 ,,,,,284 ,469 ,"1,302 ",,71 ,104 ,215 ,83 ,53 ,153 ,92 ,1 ,5 ,16 
경상북도,성주군,남성,"2,256 ",,26 ,,2 ,,5 ,,5 ,2 ,6 ,,,,,,,278 ,373 ,"1,214 ",,24 ,74 ,68 ,44 ,33 ,14 ,71 ,,4 ,13 
경상북도,성주군,여성,673 ,,10 ,,16 ,,,,1 ,,2 ,,6 ,,,,,6 ,96 ,88 ,,47 ,30 ,147 ,39 ,20 ,139 ,21 ,1 ,1 ,3 
경상북도,안동시,총계,"2,280 ",,261 ,,179 ,,3 ,,1 ,3 ,39 ,1 ,34 ,7 ,,,2 ,55 ,104 ,377 ,,190 ,94 ,103 ,223 ,95 ,413 ,66 ,2 ,22 ,6 
경상북도,안동시,남성,"1,132 ",,139 ,,119 ,,,,1 ,3 ,16 ,1 ,17 ,5 ,,,,52 ,64 ,336 ,,71 ,44 ,39 ,99 ,27 ,44 ,41 ,,9 ,5 
경상북도,안동시,여성,"1,148 ",,122 ,,60 ,,3 ,,,,23 ,,17 ,2 ,,,2 ,3 ,40 ,41 ,,119 ,50 ,64 ,124 ,68 ,369 ,25 ,2 ,13 ,1 
경상북도,영덕군,총계,"1,403 ",,3 ,,,,,,5 ,,1 ,,3 ,,,,,52 ,150 ,456 ,453 ,36 ,13 ,13 ,59 ,30 ,88 ,4 ,23 ,6 ,8 
경상북도,영덕군,남성,"1,070 ",,2 ,,,,,,5 ,,,,,,,,,51 ,97 ,392 ,453 ,11 ,8 ,5 ,13 ,8 ,7 ,3 ,6 ,2 ,7 
경상북도,영덕군,여성,333 ,,1 ,,,,,,,,1 ,,3 ,,,,,1 ,53 ,64 ,,25 ,5 ,8 ,46 ,22 ,81 ,1 ,17 ,4 ,1 
경상북도,영양군,총계,257 ,,,1 ,,,,,,,,,3 ,,,,,10 ,43 ,47 ,,45 ,3 ,,23 ,7 ,74 ,1 ,,,0 
경상북도,영양군,남성,115 ,,,1 ,,,,,,,,,,,,,,9 ,30 ,44 ,,17 ,1 ,,7 ,1 ,4 ,1 ,,,0 
경상북도,영양군,여성,142 ,,,,,,,,,,,,3 ,,,,,1 ,13 ,3 ,,28 ,2 ,,16 ,6 ,70 ,,,,0 
경상북도,영주시,총계,"1,759 ",,151 ,1 ,66 ,,,,,,13 ,3 ,21 ,,,,,94 ,31 ,365 ,,135 ,140 ,110 ,183 ,50 ,287 ,75 ,,25 ,9 
경상북도,영주시,남성,998 ,,77 ,,39 ,,,,,,9 ,2 ,5 ,,,,,92 ,27 ,347 ,,47 ,126 ,26 ,91 ,17 ,24 ,44 ,,17 ,8 
경상북도,영주시,여성,761 ,,74 ,1 ,27 ,,,,,,4 ,1 ,16 ,,,,,2 ,4 ,18 ,,88 ,14 ,84 ,92 ,33 ,263 ,31 ,,8 ,1 
경상북도,영천시,총계,"4,824 ",,78 ,3 ,231 ,,2 ,,11 ,1 ,26 ,,9 ,,,,,360 ,12 ,"1,859 ",,200 ,308 ,487 ,474 ,209 ,373 ,126 ,,35 ,20 
경상북도,영천시,남성,"3,370 ",,40 ,3 ,159 ,,2 ,,11 ,,17 ,,3 ,,,,,344 ,8 ,"1,775 ",,83 ,178 ,191 ,249 ,102 ,66 ,100 ,,21 ,18 
경상북도,영천시,여성,"1,454 ",,38 ,,72 ,,,,,1 ,9 ,,6 ,,,,,16 ,4 ,84 ,,117 ,130 ,296 ,225 ,107 ,307 ,26 ,,14 ,2 
경상북도,예천군,총계,633 ,,4 ,,1 ,,,,,,1 ,,12 ,,,,,20 ,5 ,165 ,1 ,91 ,9 ,23 ,72 ,36 ,161 ,16 ,,7 ,9 
경상북도,예천군,남성,314 ,,3 ,,1 ,,,,,,,,2 ,,,,,20 ,1 ,158 ,1 ,41 ,6 ,5 ,29 ,12 ,18 ,9 ,,4 ,4 
경상북도,예천군,여성,319 ,,1 ,,,,,,,,1 ,,10 ,,,,,,4 ,7 ,,50 ,3 ,18 ,43 ,24 ,143 ,7 ,,3 ,5 
경상북도,울릉군,총계,212 ,,,,,,,,,,,,2 ,,,,,3 ,,61 ,33 ,3 ,3 ,,58 ,9 ,13 ,23 ,,3 ,1 
경상북도,울릉군,남성,153 ,,,,,,,,,,,,1 ,,,,,3 ,,61 ,33 ,1 ,1 ,,27 ,1 ,,23 ,,1 ,1 
경상북도,울릉군,여성,59 ,,,,,,,,,,,,1 ,,,,,,,,,2 ,2 ,,31 ,8 ,13 ,,,2 ,0 
경상북도,울진군,총계,"1,877 ",,3 ,,1 ,,3 ,,,,2 ,,14 ,,,,,61 ,,550 ,876 ,53 ,8 ,19 ,110 ,30 ,111 ,16 ,1 ,7 ,12 
경상북도,울진군,남성,"1,572 ",,,,,,,,,,,,8 ,,,,,60 ,,537 ,876 ,19 ,4 ,2 ,32 ,7 ,4 ,6 ,1 ,4 ,12 
경상북도,울진군,여성,305 ,,3 ,,1 ,,3 ,,,,2 ,,6 ,,,,,1 ,,13 ,,34 ,4 ,17 ,78 ,23 ,107 ,10 ,,3 ,0 
경상북도,의성군,총계,"1,002 ",,4 ,,24 ,,,,,,2 ,,3 ,2 ,,,,70 ,47 ,351 ,,77 ,39 ,66 ,105 ,40 ,144 ,13 ,,9 ,6 
경상북도,의성군,남성,638 ,,4 ,,14 ,,,,,,2 ,,1 ,2 ,,,,69 ,36 ,336 ,,28 ,25 ,15 ,62 ,14 ,12 ,8 ,,6 ,4 
경상북도,의성군,여성,364 ,,,,10 ,,,,,,,,2 ,,,,,1 ,11 ,15 ,,49 ,14 ,51 ,43 ,26 ,132 ,5 ,,3 ,2 
경상북도,청도군,총계,"1,385 ",,6 ,1 ,2 ,,,,,,2 ,,5 ,,,,,69 ,171 ,845 ,,37 ,19 ,21 ,66 ,23 ,101 ,8 ,,2 ,7 
경상북도,청도군,남성,709 ,,1 ,,1 ,,,,,,1 ,,,,,,,51 ,84 ,482 ,,12 ,10 ,4 ,29 ,9 ,13 ,5 ,,2 ,5 
경상북도,청도군,여성,676 ,,5 ,1 ,1 ,,,,,,1 ,,5 ,,,,,18 ,87 ,363 ,,25 ,9 ,17 ,37 ,14 ,88 ,3 ,,,2 
경상북도,청송군,총계,276 ,,,,,,4 ,,,,1 ,,2 ,,,,,4 ,29 ,61 ,,47 ,3 ,,30 ,10 ,75 ,8 ,,1 ,1 
경상북도,청송군,남성,112 ,,,,,,,,,,1 ,,1 ,,,,,4 ,15 ,53 ,,18 ,1 ,,6 ,3 ,6 ,3 ,,1 ,0 
경상북도,청송군,여성,164 ,,,,,,4 ,,,,,,1 ,,,,,,14 ,8 ,,29 ,2 ,,24 ,7 ,69 ,5 ,,,1 
경상북도,칠곡군,총계,"6,366 ",,170 ,8 ,56 ,,6 ,1 ,14 ,4 ,33 ,,20 ,,,,52 ,384 ,39 ,"2,515 ",,190 ,103 ,233 ,367 ,273 ,593 ,646 ,,25 ,634 
경상북도,칠곡군,남성,"4,358 ",,113 ,5 ,37 ,,6 ,1 ,14 ,2 ,14 ,,5 ,,,,,370 ,21 ,"2,296 ",,82 ,44 ,48 ,190 ,136 ,113 ,457 ,,14 ,390 
경상북도,칠곡군,여성,"2,008 ",,57 ,3 ,19 ,,,,,2 ,19 ,,15 ,,,,52 ,14 ,18 ,219 ,,108 ,59 ,185 ,177 ,137 ,480 ,189 ,,11 ,244 
경상북도,포항시 남구,총계,"4,784 ",,198 ,,40 ,,4 ,,14 ,,35 ,15 ,40 ,81 ,1 ,,4 ,170 ,293 ,"1,243 ",854 ,185 ,70 ,134 ,390 ,247 ,530 ,141 ,,21 ,74 
경상북도,포항시 남구,남성,"3,280 ",,113 ,,22 ,,,,14 ,,18 ,13 ,13 ,65 ,1 ,,,167 ,160 ,"1,202 ",854 ,72 ,27 ,30 ,177 ,103 ,66 ,100 ,,8 ,55 
경상북도,포항시 남구,여성,"1,504 ",,85 ,,18 ,,4 ,,,,17 ,2 ,27 ,16 ,,,4 ,3 ,133 ,41 ,,113 ,43 ,104 ,213 ,144 ,464 ,41 ,,13 ,19 
경상북도,포항시 북구,총계,"3,909 ",,471 ,,605 ,,4 ,1 ,26 ,3 ,77 ,16 ,32 ,18 ,1 ,,13 ,75 ,111 ,477 ,291 ,184 ,55 ,93 ,482 ,227 ,530 ,61 ,3 ,26 ,27 
경상북도,포항시 북구,남성,"2,174 ",,210 ,,400 ,,4 ,1 ,24 ,3 ,41 ,10 ,12 ,15 ,1 ,,11 ,65 ,55 ,436 ,291 ,69 ,19 ,29 ,229 ,97 ,81 ,39 ,,15 ,17 
경상북도,포항시 북구,여성,"1,735 ",,261 ,,205 ,,,,2 ,,36 ,6 ,20 ,3 ,,,2 ,10 ,56 ,41 ,,115 ,36 ,64 ,253 ,130 ,449 ,22 ,3 ,11 ,10 
광주광역시,총계,총계,"34,992 ",,"7,130 ",42 ,"2,407 ",,46 ,,48 ,22 ,887 ,36 ,319 ,164 ,,,21 ,819 ,30 ,"4,700 ",1 ,"2,117 ",688 ,"1,518 ","6,094 ","1,703 ","3,448 ","1,853 ",13 ,650 ,236 
광주광역시,광산구,총계,"21,024 ",,"3,173 ",7 ,914 ,,12 ,,30 ,9 ,502 ,4 ,73 ,9 ,,,5 ,600 ,8 ,"3,724 ",1 ,"1,464 ",400 ,"1,016 ","4,622 ","1,002 ","1,674 ","1,147 ",4 ,480 ,144 
광주광역시,광산구,남성,"12,203 ",,"1,684 ",7 ,519 ,,5 ,,27 ,8 ,216 ,2 ,17 ,5 ,,,,581 ,4 ,"3,573 ",1 ,637 ,181 ,416 ,"2,311 ",456 ,427 ,763 ,,253 ,110 
광주광역시,광산구,여성,"8,821 ",,"1,489 ",,395 ,,7 ,,3 ,1 ,286 ,2 ,56 ,4 ,,,5 ,19 ,4 ,151 ,,827 ,219 ,600 ,"2,311 ",546 ,"1,247 ",384 ,4 ,227 ,34 
광주광역시,남구,총계,"1,995 ",,394 ,10 ,379 ,,11 ,,1 ,,40 ,4 ,82 ,4 ,,,1 ,18 ,2 ,133 ,,122 ,27 ,35 ,227 ,105 ,346 ,20 ,1 ,23 ,10 
광주광역시,남구,남성,862 ,,182 ,7 ,188 ,,2 ,,,,22 ,3 ,25 ,4 ,,,,16 ,,130 ,,43 ,7 ,19 ,105 ,27 ,45 ,17 ,1 ,15 ,4 
광주광역시,남구,여성,"1,133 ",,212 ,3 ,191 ,,9 ,,1 ,,18 ,1 ,57 ,,,,1 ,2 ,2 ,3 ,,79 ,20 ,16 ,122 ,78 ,301 ,3 ,,8 ,6 
광주광역시,동구,총계,"2,130 ",,837 ,,368 ,,4 ,,3 ,2 ,85 ,12 ,24 ,29 ,,,2 ,36 ,1 ,73 ,,41 ,35 ,53 ,187 ,95 ,147 ,66 ,4 ,21 ,5 
광주광역시,동구,남성,"1,132 ",,435 ,,241 ,,2 ,,3 ,1 ,45 ,9 ,7 ,22 ,,,1 ,33 ,1 ,72 ,,15 ,23 ,22 ,81 ,38 ,21 ,42 ,1 ,14 ,3 
광주광역시,동구,여성,998 ,,402 ,,127 ,,2 ,,,1 ,40 ,3 ,17 ,7 ,,,1 ,3 ,,1 ,,26 ,12 ,31 ,106 ,57 ,126 ,24 ,3 ,7 ,2 
광주광역시,북구,총계,"6,485 ",,"1,872 ",25 ,510 ,,10 ,,7 ,10 ,149 ,14 ,59 ,122 ,,,3 ,83 ,17 ,475 ,,334 ,159 ,348 ,627 ,335 ,848 ,359 ,2 ,73 ,44 
광주광역시,북구,남성,"3,288 ",,"1,083 ",19 ,242 ,,8 ,,4 ,8 ,92 ,11 ,21 ,91 ,,,2 ,73 ,12 ,426 ,,123 ,68 ,126 ,287 ,137 ,112 ,269 ,,38 ,36 
광주광역시,북구,여성,"3,197 ",,789 ,6 ,268 ,,2 ,,3 ,2 ,57 ,3 ,38 ,31 ,,,1 ,10 ,5 ,49 ,,211 ,91 ,222 ,340 ,198 ,736 ,90 ,2 ,35 ,8 
광주광역시,서구,총계,"3,358 ",,854 ,,236 ,,9 ,,7 ,1 ,111 ,2 ,81 ,,,,10 ,82 ,2 ,295 ,,156 ,67 ,66 ,431 ,166 ,433 ,261 ,2 ,53 ,33 
광주광역시,서구,남성,"1,679 ",,405 ,,140 ,,6 ,,7 ,1 ,57 ,2 ,28 ,,,,7 ,74 ,1 ,270 ,,63 ,23 ,20 ,198 ,69 ,49 ,207 ,,31 ,21 
광주광역시,서구,여성,"1,679 ",,449 ,,96 ,,3 ,,,,54 ,,53 ,,,,3 ,8 ,1 ,25 ,,93 ,44 ,46 ,233 ,97 ,384 ,54 ,2 ,22 ,12 
대구광역시,총계,총계,"45,730 ",,"7,776 ",30 ,"4,060 ",,63 ,10 ,169 ,36 ,"1,100 ",91 ,612 ,140 ,,,128 ,"1,824 ",59 ,"7,535 ",3 ,"2,172 ","1,161 ","1,897 ","5,405 ","2,601 ","5,418 ","1,509 ",53 ,398 ,"1,480 "
대구광역시,군위군,총계,632 ,,,1 ,,,1 ,,,,1 ,,3 ,,,,,70 ,10 ,380 ,,29 ,4 ,26 ,28 ,9 ,62 ,4 ,,,4 
대구광역시,군위군,남성,481 ,,,1 ,,,,,,,1 ,,1 ,,,,,69 ,5 ,356 ,,11 ,3 ,2 ,18 ,3 ,3 ,4 ,,,4 
대구광역시,군위군,여성,151 ,,,,,,1 ,,,,,,2 ,,,,,1 ,5 ,24 ,,18 ,1 ,24 ,10 ,6 ,59 ,,,,0 
대구광역시,남구,총계,"2,833 ",,420 ,,514 ,,35 ,,4 ,2 ,128 ,,27 ,1 ,,,17 ,12 ,,7 ,1 ,103 ,97 ,64 ,351 ,133 ,278 ,39 ,3 ,14 ,583 
대구광역시,남구,남성,"1,240 ",,187 ,,270 ,,6 ,,3 ,2 ,68 ,,7 ,,,,,12 ,,7 ,1 ,45 ,47 ,31 ,130 ,62 ,42 ,11 ,,7 ,302 
대구광역시,남구,여성,"1,593 ",,233 ,,244 ,,29 ,,1 ,,60 ,,20 ,1 ,,,17 ,,,,,58 ,50 ,33 ,221 ,71 ,236 ,28 ,3 ,7 ,281 
대구광역시,달서구,총계,"14,656 ",,"3,627 ",6 ,"1,994 ",,6 ,1 ,66 ,15 ,574 ,18 ,125 ,10 ,,,35 ,656 ,,"2,753 ",,456 ,290 ,523 ,831 ,574 ,"1,347 ",514 ,7 ,60 ,168 
대구광역시,달서구,남성,"8,083 ",,"1,527 ",6 ,975 ,,5 ,1 ,60 ,13 ,215 ,14 ,38 ,7 ,,,2 ,616 ,,"2,628 ",,192 ,115 ,172 ,407 ,269 ,288 ,373 ,,31 ,129 
대구광역시,달서구,여성,"6,573 ",,"2,100 ",,"1,019 ",,1 ,,6 ,2 ,359 ,4 ,87 ,3 ,,,33 ,40 ,,125 ,,264 ,175 ,351 ,424 ,305 ,"1,059 ",141 ,7 ,29 ,39 
대구광역시,달성군,총계,"10,114 ",,239 ,7 ,45 ,,2 ,,35 ,7 ,54 ,8 ,47 ,25 ,,,2 ,648 ,49 ,"3,006 ",1 ,619 ,319 ,652 ,"1,898 ",690 ,"1,020 ",467 ,3 ,153 ,118 
대구광역시,달성군,남성,"6,477 ",,133 ,3 ,19 ,,2 ,,32 ,7 ,29 ,7 ,11 ,20 ,,,,626 ,34 ,"2,846 ",1 ,278 ,144 ,198 ,958 ,349 ,232 ,369 ,,81 ,98 
대구광역시,달성군,여성,"3,637 ",,106 ,4 ,26 ,,,,3 ,,25 ,1 ,36 ,5 ,,,2 ,22 ,15 ,160 ,,341 ,175 ,454 ,940 ,341 ,788 ,98 ,3 ,72 ,20 
대구광역시,동구,총계,"2,641 ",,159 ,2 ,52 ,,4 ,4 ,21 ,5 ,33 ,5 ,40 ,12 ,,,21 ,78 ,,76 ,,256 ,104 ,101 ,541 ,272 ,697 ,47 ,7 ,38 ,66 
대구광역시,동구,남성,953 ,,64 ,,21 ,,4 ,3 ,20 ,3 ,11 ,4 ,8 ,8 ,,,1 ,49 ,,62 ,,85 ,49 ,40 ,247 ,102 ,91 ,21 ,1 ,17 ,42 
대구광역시,동구,여성,"1,688 ",,95 ,2 ,31 ,,,1 ,1 ,2 ,22 ,1 ,32 ,4 ,,,20 ,29 ,,14 ,,171 ,55 ,61 ,294 ,170 ,606 ,26 ,6 ,21 ,24 
대구광역시,북구,총계,"7,982 ",,"2,802 ",1 ,"1,309 ",,5 ,4 ,7 ,1 ,168 ,48 ,114 ,82 ,,,27 ,150 ,,615 ,1 ,308 ,144 ,297 ,549 ,340 ,801 ,86 ,7 ,53 ,63 
대구광역시,북구,남성,"3,793 ",,"1,284 ",1 ,645 ,,5 ,4 ,6 ,,77 ,37 ,44 ,66 ,,,2 ,134 ,,578 ,1 ,105 ,62 ,122 ,263 ,135 ,91 ,55 ,1 ,30 ,45 
대구광역시,북구,여성,"4,189 ",,"1,518 ",,664 ,,,,1 ,1 ,91 ,11 ,70 ,16 ,,,25 ,16 ,,37 ,,203 ,82 ,175 ,286 ,205 ,710 ,31 ,6 ,23 ,18 
대구광역시,서구,총계,"3,351 ",,193 ,13 ,69 ,,3 ,,24 ,3 ,48 ,,17 ,2 ,,,3 ,125 ,,653 ,,248 ,125 ,159 ,454 ,206 ,587 ,304 ,1 ,51 ,63 
대구광역시,서구,남성,"1,939 ",,113 ,12 ,40 ,,,,24 ,3 ,25 ,,5 ,1 ,,,2 ,118 ,,618 ,,99 ,72 ,43 ,221 ,83 ,126 ,247 ,,35 ,52 
대구광역시,서구,여성,"1,412 ",,80 ,1 ,29 ,,3 ,,,,23 ,,12 ,1 ,,,1 ,7 ,,35 ,,149 ,53 ,116 ,233 ,123 ,461 ,57 ,1 ,16 ,11 
대구광역시,수성구,총계,"2,342 ",,187 ,,54 ,,3 ,1 ,7 ,2 ,69 ,5 ,213 ,2 ,,,22 ,52 ,,23 ,,113 ,44 ,39 ,574 ,221 ,443 ,29 ,7 ,19 ,213 
대구광역시,수성구,남성,919 ,,91 ,,34 ,,2 ,1 ,4 ,1 ,19 ,4 ,69 ,1 ,,,13 ,42 ,,21 ,,39 ,21 ,18 ,228 ,80 ,96 ,8 ,,12 ,115 
대구광역시,수성구,여성,"1,423 ",,96 ,,20 ,,1 ,,3 ,1 ,50 ,1 ,144 ,1 ,,,9 ,10 ,,2 ,,74 ,23 ,21 ,346 ,141 ,347 ,21 ,7 ,7 ,98 
대구광역시,중구,총계,"1,179 ",,149 ,,23 ,,4 ,,5 ,1 ,25 ,7 ,26 ,6 ,,,1 ,33 ,,22 ,,40 ,34 ,36 ,179 ,156 ,183 ,19 ,18 ,10 ,202 
대구광역시,중구,남성,524 ,,70 ,,10 ,,,,4 ,1 ,11 ,6 ,10 ,3 ,,,,31 ,,22 ,,13 ,19 ,8 ,75 ,75 ,33 ,12 ,6 ,6 ,109 
대구광역시,중구,여성,655 ,,79 ,,13 ,,4 ,,1 ,,14 ,1 ,16 ,3 ,,,1 ,2 ,,,,27 ,15 ,28 ,104 ,81 ,150 ,7 ,12 ,4 ,93 
대전광역시,총계,총계,"32,620 ",1 ,"11,530 ",2 ,"4,340 ",,23 ,8 ,54 ,22 ,"1,050 ",168 ,405 ,372 ,4 ,,32 ,562 ,9 ,"1,314 ",,"1,113 ",909 ,"1,184 ","3,405 ","1,828 ","3,164 ",669 ,28 ,305 ,119 
대전광역시,대덕구,총계,"4,310 ",,825 ,1 ,776 ,,3 ,5 ,11 ,,126 ,7 ,16 ,1 ,,,11 ,116 ,1 ,674 ,,195 ,55 ,132 ,432 ,207 ,498 ,131 ,3 ,62 ,22 
대전광역시,대덕구,남성,"2,198 ",,390 ,,383 ,,,3 ,10 ,,65 ,5 ,3 ,1 ,,,9 ,108 ,1 ,611 ,,79 ,21 ,39 ,198 ,93 ,53 ,82 ,,31 ,13 
대전광역시,대덕구,여성,"2,112 ",,435 ,1 ,393 ,,3 ,2 ,1 ,,61 ,2 ,13 ,,,,2 ,8 ,,63 ,,116 ,34 ,93 ,234 ,114 ,445 ,49 ,3 ,31 ,9 
대전광역시,동구,총계,"8,354 ",,"4,219 ",1 ,"1,167 ",,,,9 ,6 ,404 ,115 ,23 ,2 ,,,6 ,59 ,8 ,150 ,,224 ,123 ,187 ,515 ,271 ,617 ,186 ,4 ,45 ,13 
대전광역시,동구,남성,"3,972 ",,"2,104 ",1 ,588 ,,,,7 ,4 ,216 ,72 ,4 ,2 ,,,4 ,50 ,6 ,129 ,,85 ,42 ,69 ,240 ,106 ,77 ,120 ,,34 ,12 
대전광역시,동구,여성,"4,382 ",,"2,115 ",,579 ,,,,2 ,2 ,188 ,43 ,19 ,,,,2 ,9 ,2 ,21 ,,139 ,81 ,118 ,275 ,165 ,540 ,66 ,4 ,11 ,1 
대전광역시,서구,총계,"7,281 ",,"2,445 ",,"1,118 ",,12 ,1 ,6 ,7 ,216 ,6 ,214 ,62 ,,,7 ,103 ,,84 ,,253 ,171 ,172 ,899 ,405 ,830 ,152 ,11 ,85 ,22 
대전광역시,서구,남성,"3,098 ",,"1,103 ",,523 ,,4 ,1 ,6 ,5 ,103 ,3 ,57 ,49 ,,,3 ,85 ,,66 ,,95 ,72 ,71 ,379 ,168 ,150 ,94 ,4 ,43 ,14 
대전광역시,서구,여성,"4,183 ",,"1,342 ",,595 ,,8 ,,,2 ,113 ,3 ,157 ,13 ,,,4 ,18 ,,18 ,,158 ,99 ,101 ,520 ,237 ,680 ,58 ,7 ,42 ,8 
대전광역시,유성구,총계,"10,443 ",1 ,"3,877 ",,"1,264 ",,7 ,2 ,24 ,8 ,260 ,35 ,109 ,302 ,4 ,,3 ,256 ,,301 ,,235 ,494 ,625 ,"1,041 ",679 ,699 ,96 ,8 ,61 ,52 
대전광역시,유성구,남성,"5,157 ",1 ,"1,983 ",,633 ,,6 ,2 ,19 ,5 ,122 ,25 ,30 ,227 ,3 ,,,192 ,,275 ,,92 ,229 ,212 ,459 ,341 ,151 ,70 ,,38 ,42 
대전광역시,유성구,여성,"5,286 ",,"1,894 ",,631 ,,1 ,,5 ,3 ,138 ,10 ,79 ,75 ,1 ,,3 ,64 ,,26 ,,143 ,265 ,413 ,582 ,338 ,548 ,26 ,8 ,23 ,10 
대전광역시,중구,총계,"2,232 ",,164 ,,15 ,,1 ,,4 ,1 ,44 ,5 ,43 ,5 ,,,5 ,28 ,,105 ,,206 ,66 ,68 ,518 ,266 ,520 ,104 ,2 ,52 ,10 
대전광역시,중구,남성,903 ,,67 ,,6 ,,,,4 ,,14 ,2 ,6 ,1 ,,,3 ,24 ,,97 ,,71 ,35 ,28 ,241 ,115 ,71 ,78 ,,33 ,7 
대전광역시,중구,여성,"1,329 ",,97 ,,9 ,,1 ,,,1 ,30 ,3 ,37 ,4 ,,,2 ,4 ,,8 ,,135 ,31 ,40 ,277 ,151 ,449 ,26 ,2 ,19 ,3 
부산광역시,총계,총계,"69,411 ",1 ,"17,573 ",80 ,"5,881 ",,102 ,85 ,284 ,157 ,"1,447 ",118 ,855 ,169 ,,1 ,266 ,"2,918 ",64 ,"9,965 ","3,006 ","1,976 ","1,607 ","2,236 ","7,551 ","4,055 ","6,766 ",851 ,161 ,445 ,791 
부산광역시,강서구,총계,"7,604 ",,60 ,5 ,7 ,,3 ,3 ,66 ,41 ,31 ,,47 ,7 ,,,3 ,974 ,,"4,610 ",9 ,125 ,118 ,323 ,346 ,236 ,402 ,100 ,1 ,43 ,44 
부산광역시,강서구,남성,"6,398 ",,33 ,5 ,3 ,,3 ,3 ,63 ,38 ,19 ,,17 ,7 ,,,3 ,963 ,,"4,506 ",9 ,52 ,60 ,84 ,179 ,106 ,94 ,82 ,,31 ,38 
부산광역시,강서구,여성,"1,206 ",,27 ,,4 ,,,,3 ,3 ,12 ,,30 ,,,,,11 ,,104 ,,73 ,58 ,239 ,167 ,130 ,308 ,18 ,1 ,12 ,6 
부산광역시,금정구,총계,"5,340 ",,"2,689 ",22 ,695 ,,17 ,,12 ,2 ,199 ,20 ,40 ,80 ,,,3 ,60 ,,130 ,6 ,113 ,78 ,172 ,392 ,169 ,359 ,36 ,15 ,22 ,9 
부산광역시,금정구,남성,"2,132 ",,"1,036 ",9 ,269 ,,7 ,,9 ,1 ,75 ,10 ,16 ,60 ,,,3 ,44 ,,108 ,6 ,49 ,33 ,57 ,168 ,68 ,66 ,19 ,1 ,9 ,9 
부산광역시,금정구,여성,"3,208 ",,"1,653 ",13 ,426 ,,10 ,,3 ,1 ,124 ,10 ,24 ,20 ,,,,16 ,,22 ,,64 ,45 ,115 ,224 ,101 ,293 ,17 ,14 ,13 ,0 
부산광역시,기장군,총계,"3,625 ",,29 ,2 ,4 ,,,10 ,10 ,11 ,13 ,1 ,31 ,1 ,,,25 ,264 ,62 ,"1,532 ",134 ,100 ,70 ,148 ,393 ,171 ,496 ,62 ,4 ,30 ,22 
부산광역시,기장군,남성,"2,491 ",,14 ,2 ,1 ,,,9 ,7 ,10 ,6 ,1 ,13 ,1 ,,,11 ,232 ,58 ,"1,444 ",134 ,39 ,35 ,38 ,179 ,66 ,95 ,55 ,1 ,20 ,20 
부산광역시,기장군,여성,"1,134 ",,15 ,,3 ,,,1 ,3 ,1 ,7 ,,18 ,,,,14 ,32 ,4 ,88 ,,61 ,35 ,110 ,214 ,105 ,401 ,7 ,3 ,10 ,2 
부산광역시,남구,총계,"8,787 ",1 ,"5,356 ",3 ,"1,033 ",,16 ,4 ,13 ,6 ,333 ,23 ,53 ,43 ,,,2 ,91 ,,67 ,57 ,95 ,144 ,161 ,442 ,300 ,410 ,41 ,14 ,26 ,53 
부산광역시,남구,남성,"4,601 ",,"3,003 ",2 ,521 ,,8 ,4 ,10 ,4 ,163 ,14 ,16 ,34 ,,,2 ,41 ,,59 ,57 ,38 ,77 ,70 ,189 ,134 ,84 ,27 ,1 ,14 ,29 
부산광역시,남구,여성,"4,186 ",1 ,"2,353 ",1 ,512 ,,8 ,,3 ,2 ,170 ,9 ,37 ,9 ,,,,50 ,,8 ,,57 ,67 ,91 ,253 ,166 ,326 ,14 ,13 ,12 ,24 
부산광역시,동구,총계,"2,590 ",,104 ,,34 ,,4 ,15 ,8 ,13 ,41 ,1 ,11 ,,,,191 ,119 ,2 ,11 ,290 ,75 ,161 ,120 ,588 ,391 ,205 ,113 ,6 ,22 ,65 
부산광역시,동구,남성,"1,232 ",,41 ,,23 ,,,14 ,8 ,12 ,15 ,1 ,2 ,,,,13 ,68 ,1 ,11 ,290 ,32 ,80 ,57 ,275 ,175 ,24 ,38 ,2 ,13 ,37 
부산광역시,동구,여성,"1,358 ",,63 ,,11 ,,4 ,1 ,,1 ,26 ,,9 ,,,,178 ,51 ,1 ,,,43 ,81 ,63 ,313 ,216 ,181 ,75 ,4 ,9 ,28 
부산광역시,동래구,총계,"1,478 ",,170 ,9 ,24 ,,10 ,,3 ,,26 ,5 ,95 ,1 ,,,8 ,33 ,,29 ,15 ,76 ,39 ,35 ,358 ,173 ,313 ,25 ,5 ,23 ,3 
부산광역시,동래구,남성,565 ,,79 ,,11 ,,6 ,,3 ,,12 ,5 ,28 ,1 ,,,6 ,26 ,,29 ,15 ,29 ,16 ,11 ,149 ,63 ,46 ,14 ,1 ,13 ,2 
부산광역시,동래구,여성,913 ,,91 ,9 ,13 ,,4 ,,,,14 ,,67 ,,,,2 ,7 ,,,,47 ,23 ,24 ,209 ,110 ,267 ,11 ,4 ,10 ,1 
부산광역시,부산진구,총계,"4,308 ",,"1,575 ",2 ,300 ,,3 ,6 ,8 ,2 ,123 ,8 ,78 ,5 ,,1 ,2 ,51 ,,53 ,5 ,197 ,99 ,63 ,557 ,321 ,651 ,64 ,39 ,38 ,57 
부산광역시,부산진구,남성,"1,958 ",,882 ,1 ,150 ,,3 ,6 ,7 ,2 ,56 ,4 ,21 ,3 ,,1 ,2 ,30 ,,48 ,5 ,77 ,43 ,32 ,239 ,137 ,103 ,38 ,8 ,25 ,35 
부산광역시,부산진구,여성,"2,350 ",,693 ,1 ,150 ,,,,1 ,,67 ,4 ,57 ,2 ,,,,21 ,,5 ,,120 ,56 ,31 ,318 ,184 ,548 ,26 ,31 ,13 ,22 
부산광역시,북구,총계,"2,843 ",,705 ,,721 ,,6 ,,8 ,1 ,50 ,,36 ,,,,,20 ,,45 ,6 ,161 ,39 ,47 ,337 ,153 ,462 ,11 ,5 ,23 ,7 
부산광역시,북구,남성,"1,402 ",,441 ,,471 ,,5 ,,7 ,1 ,22 ,,12 ,,,,,13 ,,40 ,6 ,59 ,16 ,22 ,158 ,58 ,50 ,5 ,,11 ,5 
부산광역시,북구,여성,"1,441 ",,264 ,,250 ,,1 ,,1 ,,28 ,,24 ,,,,,7 ,,5 ,,102 ,23 ,25 ,179 ,95 ,412 ,6 ,5 ,12 ,2 
부산광역시,사상구,총계,"8,030 ",,"3,061 ",5 ,"1,273 ",,3 ,4 ,13 ,5 ,153 ,12 ,23 ,1 ,,,,219 ,,944 ,4 ,283 ,183 ,198 ,402 ,354 ,710 ,98 ,3 ,36 ,43 
부산광역시,사상구,남성,"4,333 ",,"1,443 ",3 ,707 ,,2 ,4 ,12 ,3 ,79 ,8 ,6 ,1 ,,,,206 ,,912 ,4 ,101 ,91 ,81 ,196 ,160 ,184 ,74 ,1 ,19 ,36 
부산광역시,사상구,여성,"3,697 ",,"1,618 ",2 ,566 ,,1 ,,1 ,2 ,74 ,4 ,17 ,,,,,13 ,,32 ,,182 ,92 ,117 ,206 ,194 ,526 ,24 ,2 ,17 ,7 
부산광역시,사하구,총계,"6,203 ",,563 ,12 ,93 ,,7 ,,5 ,2 ,116 ,4 ,47 ,14 ,,,3 ,358 ,,"2,095 ",154 ,251 ,127 ,245 ,753 ,404 ,788 ,75 ,3 ,53 ,31 
부산광역시,사하구,남성,"3,863 ",,268 ,8 ,39 ,,7 ,,4 ,2 ,78 ,3 ,11 ,8 ,,,2 ,342 ,,"1,946 ",154 ,103 ,64 ,65 ,357 ,169 ,123 ,52 ,1 ,33 ,24 
부산광역시,사하구,여성,"2,340 ",,295 ,4 ,54 ,,,,1 ,,38 ,1 ,36 ,6 ,,,1 ,16 ,,149 ,,148 ,63 ,180 ,396 ,235 ,665 ,23 ,2 ,20 ,7 
부산광역시,서구,총계,"3,425 ",,847 ,3 ,582 ,,2 ,5 ,20 ,16 ,79 ,2 ,12 ,2 ,,,,45 ,,145 ,692 ,60 ,106 ,76 ,314 ,163 ,204 ,21 ,2 ,15 ,12 
부산광역시,서구,남성,"1,784 ",,308 ,1 ,210 ,,1 ,4 ,15 ,15 ,36 ,2 ,5 ,2 ,,,,31 ,,84 ,692 ,24 ,54 ,29 ,138 ,71 ,30 ,14 ,,7 ,11 
부산광역시,서구,여성,"1,641 ",,539 ,2 ,372 ,,1 ,1 ,5 ,1 ,43 ,,7 ,,,,,14 ,,61 ,,36 ,52 ,47 ,176 ,92 ,174 ,7 ,2 ,8 ,1 
부산광역시,수영구,총계,"2,449 ",,365 ,6 ,59 ,,9 ,2 ,18 ,19 ,86 ,26 ,169 ,2 ,,,1 ,73 ,,57 ,33 ,78 ,70 ,85 ,500 ,207 ,355 ,28 ,34 ,15 ,152 
부산광역시,수영구,남성,"1,040 ",,131 ,3 ,17 ,,3 ,2 ,14 ,14 ,30 ,17 ,65 ,2 ,,,,48 ,,56 ,33 ,35 ,31 ,46 ,190 ,90 ,105 ,10 ,6 ,11 ,81 
부산광역시,수영구,여성,"1,409 ",,234 ,3 ,42 ,,6 ,,4 ,5 ,56 ,9 ,104 ,,,,1 ,25 ,,1 ,,43 ,39 ,39 ,310 ,117 ,250 ,18 ,28 ,4 ,71 
부산광역시,연제구,총계,"1,304 ",,163 ,5 ,30 ,,1 ,,3 ,,31 ,,38 ,,,,3 ,46 ,,25 ,28 ,93 ,29 ,41 ,270 ,151 ,305 ,18 ,8 ,11 ,5 
부산광역시,연제구,남성,506 ,,66 ,4 ,10 ,,1 ,,3 ,,10 ,,10 ,,,,2 ,30 ,,22 ,28 ,35 ,10 ,20 ,117 ,63 ,47 ,14 ,2 ,8 ,4 
부산광역시,연제구,여성,798 ,,97 ,1 ,20 ,,,,,,21 ,,28 ,,,,1 ,16 ,,3 ,,58 ,19 ,21 ,153 ,88 ,258 ,4 ,6 ,3 ,1 
부산광역시,영도구,총계,"2,744 ",,343 ,1 ,268 ,,4 ,9 ,11 ,5 ,43 ,,4 ,12 ,,,,319 ,,137 ,520 ,81 ,116 ,107 ,317 ,169 ,231 ,14 ,,29 ,4 
부산광역시,영도구,남성,"1,773 ",,186 ,,149 ,,3 ,9 ,9 ,5 ,31 ,,1 ,10 ,,,,311 ,,134 ,520 ,29 ,58 ,36 ,144 ,80 ,29 ,10 ,,17 ,2 
부산광역시,영도구,여성,971 ,,157 ,1 ,119 ,,1 ,,2 ,,12 ,,3 ,2 ,,,,8 ,,3 ,,52 ,58 ,71 ,173 ,89 ,202 ,4 ,,12 ,2 
부산광역시,중구,총계,"2,741 ",,433 ,,415 ,,3 ,3 ,7 ,6 ,34 ,1 ,16 ,,,,3 ,43 ,,5 ,996 ,23 ,43 ,44 ,252 ,162 ,114 ,109 ,4 ,15 ,10 
부산광역시,중구,남성,"1,702 ",,164 ,,188 ,,2 ,2 ,6 ,6 ,15 ,1 ,3 ,,,,,31 ,,3 ,986 ,9 ,21 ,15 ,110 ,78 ,21 ,26 ,,10 ,5 
부산광역시,중구,여성,"1,039 ",,269 ,,227 ,,1 ,1 ,1 ,,19 ,,13 ,,,,3 ,12 ,,2 ,10 ,14 ,22 ,29 ,142 ,84 ,93 ,83 ,4 ,5 ,5 
부산광역시,해운대구,총계,"5,940 ",,"1,110 ",5 ,343 ,,14 ,24 ,79 ,28 ,89 ,15 ,155 ,1 ,,,22 ,203 ,,80 ,57 ,165 ,185 ,371 ,"1,330 ",531 ,761 ,36 ,18 ,44 ,274 
부산광역시,해운대구,남성,"2,837 ",,597 ,2 ,167 ,,14 ,20 ,64 ,26 ,41 ,13 ,60 ,1 ,,,7 ,141 ,,66 ,57 ,65 ,91 ,160 ,575 ,247 ,240 ,23 ,5 ,24 ,131 
부산광역시,해운대구,여성,"3,103 ",,513 ,3 ,176 ,,,4 ,15 ,2 ,48 ,2 ,95 ,,,,15 ,62 ,,14 ,,100 ,94 ,211 ,755 ,284 ,521 ,13 ,13 ,20 ,143 
서울특별시,총계,총계,"422,426 ",19 ,"72,975 ",35 ,"19,207 ",115 ,443 ,544 ,"3,075 ",373 ,"8,887 ",488 ,"3,323 ",805 ,42 ,199 ,"1,652 ","8,649 ",4 ,"3,325 ",2 ,"8,499 ","17,065 ","11,009 ","147,313 ","55,114 ","23,146 ","4,673 ","2,852 ","18,723 ","9,870 "
서울특별시,강남구,총계,"12,044 ",1 ,452 ,1 ,192 ,1 ,4 ,22 ,303 ,6 ,185 ,11 ,563 ,11 ,,1 ,411 ,843 ,,160 ,,147 ,512 ,263 ,"5,915 ",772 ,733 ,109 ,170 ,137 ,119 
서울특별시,강남구,남성,"5,447 ",,143 ,,73 ,,3 ,17 ,223 ,4 ,51 ,6 ,147 ,9 ,,1 ,198 ,573 ,,150 ,,82 ,193 ,99 ,"2,650 ",350 ,241 ,58 ,33 ,69 ,74 
서울특별시,강남구,여성,"6,597 ",1 ,309 ,1 ,119 ,1 ,1 ,5 ,80 ,2 ,134 ,5 ,416 ,2 ,,,213 ,270 ,,10 ,,65 ,319 ,164 ,"3,265 ",422 ,492 ,51 ,137 ,68 ,45 
서울특별시,강동구,총계,"8,285 ",,514 ,2 ,112 ,,2 ,4 ,46 ,11 ,121 ,4 ,174 ,6 ,,,35 ,160 ,,239 ,,217 ,298 ,274 ,"3,462 ","1,039 ",966 ,174 ,40 ,356 ,29 
서울특별시,강동구,남성,"3,662 ",,290 ,,60 ,,1 ,4 ,40 ,7 ,48 ,4 ,45 ,3 ,,,14 ,100 ,,204 ,,93 ,96 ,97 ,"1,551 ",471 ,197 ,110 ,9 ,193 ,25 
서울특별시,강동구,여성,"4,623 ",,224 ,2 ,52 ,,1 ,,6 ,4 ,73 ,,129 ,3 ,,,21 ,60 ,,35 ,,124 ,202 ,177 ,"1,911 ",568 ,769 ,64 ,31 ,163 ,4 
서울특별시,강북구,총계,"8,818 ",,"2,892 ",2 ,958 ,1 ,14 ,1 ,25 ,15 ,383 ,12 ,57 ,4 ,,,6 ,104 ,,141 ,,201 ,260 ,223 ,"1,742 ",689 ,715 ,99 ,34 ,186 ,54 
서울특별시,강북구,남성,"3,067 ",,839 ,,352 ,1 ,8 ,1 ,14 ,8 ,104 ,9 ,22 ,2 ,,,2 ,40 ,,102 ,,78 ,92 ,102 ,697 ,298 ,115 ,56 ,5 ,89 ,31 
서울특별시,강북구,여성,"5,751 ",,"2,053 ",2 ,606 ,,6 ,,11 ,7 ,279 ,3 ,35 ,2 ,,,4 ,64 ,,39 ,,123 ,168 ,121 ,"1,045 ",391 ,600 ,43 ,29 ,97 ,23 
서울특별시,강서구,총계,"10,543 ",1 ,656 ,,144 ,1 ,12 ,29 ,72 ,7 ,157 ,3 ,138 ,10 ,1 ,191 ,32 ,267 ,,164 ,,266 ,587 ,225 ,"3,831 ","1,719 ","1,378 ",164 ,89 ,341 ,58 
서울특별시,강서구,남성,"4,498 ",,247 ,,52 ,1 ,9 ,24 ,52 ,6 ,51 ,2 ,32 ,9 ,1 ,189 ,7 ,150 ,,157 ,,125 ,237 ,83 ,"1,646 ",762 ,303 ,117 ,14 ,184 ,38 
서울특별시,강서구,여성,"6,045 ",1 ,409 ,,92 ,,3 ,5 ,20 ,1 ,106 ,1 ,106 ,1 ,,2 ,25 ,117 ,,7 ,,141 ,350 ,142 ,"2,185 ",957 ,"1,075 ",47 ,75 ,157 ,20 
서울특별시,관악구,총계,"29,583 ",2 ,"6,114 ",1 ,"1,404 ",,5 ,,79 ,5 ,"1,035 ",57 ,193 ,149 ,,,147 ,761 ,,72 ,,387 ,"1,432 ",394 ,"9,912 ","4,081 ","1,290 ",241 ,432 ,"1,235 ",155 
서울특별시,관악구,남성,"12,215 ",1 ,"2,308 ",1 ,488 ,,4 ,,50 ,2 ,253 ,41 ,54 ,110 ,,,48 ,270 ,,49 ,,159 ,477 ,144 ,"4,341 ","2,174 ",325 ,109 ,70 ,640 ,97 
서울특별시,관악구,여성,"17,368 ",1 ,"3,806 ",,916 ,,1 ,,29 ,3 ,782 ,16 ,139 ,39 ,,,99 ,491 ,,23 ,,228 ,955 ,250 ,"5,571 ","1,907 ",965 ,132 ,362 ,595 ,58 
서울특별시,광진구,총계,"24,265 ",,"8,010 ",,"1,337 ",,5 ,7 ,83 ,32 ,874 ,25 ,106 ,78 ,,1 ,76 ,434 ,,73 ,,370 ,988 ,634 ,"6,580 ","2,415 ",852 ,201 ,110 ,883 ,91 
서울특별시,광진구,남성,"10,085 ",,"3,041 ",,431 ,,5 ,3 ,59 ,18 ,289 ,20 ,21 ,68 ,,1 ,30 ,216 ,,48 ,,144 ,358 ,295 ,"2,932 ","1,255 ",228 ,106 ,18 ,446 ,53 
서울특별시,광진구,여성,"14,180 ",,"4,969 ",,906 ,,,4 ,24 ,14 ,585 ,5 ,85 ,10 ,,,46 ,218 ,,25 ,,226 ,630 ,339 ,"3,648 ","1,160 ",624 ,95 ,92 ,437 ,38 
서울특별시,구로구,총계,"49,486 ",,"1,014 ",6 ,221 ,,15 ,5 ,69 ,4 ,169 ,2 ,64 ,6 ,,,24 ,226 ,,136 ,,"1,262 ","2,180 ","1,020 ","25,553 ","10,458 ","1,866 ",360 ,44 ,"4,612 ",170 
서울특별시,구로구,남성,"26,010 ",,364 ,2 ,123 ,,2 ,5 ,50 ,4 ,48 ,1 ,15 ,5 ,,,10 ,109 ,,108 ,,498 ,799 ,342 ,"13,303 ","6,245 ",729 ,247 ,4 ,"2,880 ",117 
서울특별시,구로구,여성,"23,476 ",,650 ,4 ,98 ,,13 ,,19 ,,121 ,1 ,49 ,1 ,,,14 ,117 ,,28 ,,764 ,"1,381 ",678 ,"12,250 ","4,213 ","1,137 ",113 ,40 ,"1,732 ",53 
서울특별시,금천구,총계,"28,696 ",1 ,471 ,10 ,122 ,,2 ,7 ,50 ,8 ,140 ,3 ,34 ,3 ,,,13 ,236 ,,347 ,,705 ,"1,285 ",485 ,"14,742 ","6,001 ","1,271 ",125 ,54 ,"2,526 ",55 
서울특별시,금천구,남성,"14,735 ",,137 ,5 ,55 ,,2 ,5 ,38 ,3 ,45 ,,14 ,2 ,,,6 ,131 ,,302 ,,280 ,477 ,187 ,"7,459 ","3,543 ",432 ,82 ,12 ,"1,479 ",39 
서울특별시,금천구,여성,"13,961 ",1 ,334 ,5 ,67 ,,,2 ,12 ,5 ,95 ,3 ,20 ,1 ,,,7 ,105 ,,45 ,,425 ,808 ,298 ,"7,283 ","2,458 ",839 ,43 ,42 ,"1,047 ",16 
서울특별시,노원구,총계,"6,590 ",,"1,828 ",,760 ,1 ,7 ,,17 ,12 ,153 ,12 ,89 ,38 ,,1 ,3 ,78 ,,229 ,,139 ,145 ,125 ,"1,370 ",560 ,799 ,110 ,14 ,78 ,22 
서울특별시,노원구,남성,"2,678 ",,669 ,,353 ,1 ,4 ,,14 ,10 ,51 ,10 ,30 ,26 ,,1 ,2 ,40 ,,226 ,,61 ,55 ,48 ,554 ,216 ,180 ,71 ,3 ,41 ,12 
서울특별시,노원구,여성,"3,912 ",,"1,159 ",,407 ,,3 ,,3 ,2 ,102 ,2 ,59 ,12 ,,,1 ,38 ,,3 ,,78 ,90 ,77 ,816 ,344 ,619 ,39 ,11 ,37 ,10 
서울특별시,도봉구,총계,"4,297 ",,720 ,1 ,366 ,,4 ,,9 ,6 ,83 ,2 ,59 ,4 ,,,8 ,38 ,,180 ,,142 ,123 ,125 ,"1,166 ",405 ,642 ,98 ,12 ,79 ,25 
서울특별시,도봉구,남성,"1,601 ",,240 ,,88 ,,1 ,,7 ,2 ,25 ,2 ,18 ,4 ,,,2 ,17 ,,144 ,,50 ,48 ,70 ,494 ,163 ,122 ,54 ,3 ,33 ,14 
서울특별시,도봉구,여성,"2,696 ",,480 ,1 ,278 ,,3 ,,2 ,4 ,58 ,,41 ,,,,6 ,21 ,,36 ,,92 ,75 ,55 ,672 ,242 ,520 ,44 ,9 ,46 ,11 
서울특별시,동대문구,총계,"23,783 ",2 ,"11,726 ",2 ,"2,268 ",1 ,15 ,7 ,132 ,22 ,"1,042 ",48 ,120 ,106 ,,,45 ,292 ,,110 ,,254 ,629 ,434 ,"3,367 ","1,405 ",899 ,190 ,149 ,416 ,102 
서울특별시,동대문구,남성,"8,827 ",1 ,"3,855 ",,990 ,,8 ,4 ,85 ,14 ,297 ,27 ,43 ,84 ,,,15 ,117 ,,75 ,,105 ,239 ,162 ,"1,450 ",672 ,201 ,103 ,22 ,198 ,60 
서울특별시,동대문구,여성,"14,956 ",1 ,"7,871 ",2 ,"1,278 ",1 ,7 ,3 ,47 ,8 ,745 ,21 ,77 ,22 ,,,30 ,175 ,,35 ,,149 ,390 ,272 ,"1,917 ",733 ,698 ,87 ,127 ,218 ,42 
서울특별시,동작구,총계,"18,292 ",,"4,167 ",,"2,070 ",,6 ,4 ,34 ,4 ,497 ,19 ,78 ,53 ,,,32 ,224 ,,148 ,,225 ,603 ,173 ,"5,903 ","2,112 ",694 ,264 ,107 ,729 ,146 
서울특별시,동작구,남성,"7,497 ",,"1,283 ",,697 ,,6 ,4 ,25 ,2 ,135 ,12 ,28 ,38 ,,,11 ,102 ,,143 ,,87 ,232 ,62 ,"2,625 ","1,114 ",200 ,185 ,17 ,380 ,109 
서울특별시,동작구,여성,"10,795 ",,"2,884 ",,"1,373 ",,,,9 ,2 ,362 ,7 ,50 ,15 ,,,21 ,122 ,,5 ,,138 ,371 ,111 ,"3,278 ",998 ,494 ,79 ,90 ,349 ,37 
서울특별시,마포구,총계,"14,327 ",2 ,"3,601 ",,959 ,30 ,22 ,95 ,297 ,18 ,451 ,42 ,146 ,28 ,,,121 ,566 ,,36 ,,234 ,699 ,538 ,"2,829 ","1,466 ",843 ,68 ,435 ,183 ,618 
서울특별시,마포구,남성,"5,176 ",2 ,905 ,,230 ,21 ,17 ,71 ,239 ,9 ,70 ,31 ,60 ,24 ,,,52 ,277 ,,26 ,,111 ,269 ,180 ,"1,199 ",713 ,258 ,32 ,71 ,99 ,210 
서울특별시,마포구,여성,"9,151 ",,"2,696 ",,729 ,9 ,5 ,24 ,58 ,9 ,381 ,11 ,86 ,4 ,,,69 ,289 ,,10 ,,123 ,430 ,358 ,"1,630 ",753 ,585 ,36 ,364 ,84 ,408 
서울특별시,서대문구,총계,"18,525 ",1 ,"7,581 ",,"2,088 ",15 ,21 ,34 ,117 ,3 ,711 ,35 ,137 ,101 ,1 ,1 ,115 ,567 ,,24 ,,231 ,580 ,396 ,"2,282 ","1,921 ",736 ,88 ,430 ,146 ,163 
서울특별시,서대문구,남성,"5,794 ",,"1,686 ",,535 ,11 ,14 ,28 ,96 ,2 ,110 ,24 ,43 ,70 ,1 ,,56 ,217 ,,16 ,,89 ,217 ,158 ,976 ,941 ,227 ,46 ,71 ,68 ,92 
서울특별시,서대문구,여성,"12,731 ",1 ,"5,895 ",,"1,553 ",4 ,7 ,6 ,21 ,1 ,601 ,11 ,94 ,31 ,,1 ,59 ,350 ,,8 ,,142 ,363 ,238 ,"1,306 ",980 ,509 ,42 ,359 ,78 ,71 
서울특별시,서초구,총계,"9,297 ",2 ,352 ,,96 ,,8 ,20 ,251 ,7 ,94 ,14 ,231 ,12 ,,,84 ,627 ,,91 ,,186 ,379 ,660 ,"4,450 ",659 ,658 ,67 ,59 ,107 ,183 
서울특별시,서초구,남성,"4,274 ",,114 ,,35 ,,3 ,19 ,198 ,7 ,34 ,9 ,61 ,10 ,,,44 ,435 ,,83 ,,57 ,166 ,244 ,"1,976 ",312 ,268 ,36 ,10 ,54 ,99 
서울특별시,서초구,여성,"5,023 ",2 ,238 ,,61 ,,5 ,1 ,53 ,,60 ,5 ,170 ,2 ,,,40 ,192 ,,8 ,,129 ,213 ,416 ,"2,474 ",347 ,390 ,31 ,49 ,53 ,84 
서울특별시,성동구,총계,"11,254 ",,"3,071 ",1 ,753 ,,2 ,8 ,62 ,12 ,324 ,20 ,73 ,57 ,,,103 ,245 ,,237 ,1 ,191 ,431 ,226 ,"3,327 ",950 ,636 ,87 ,64 ,290 ,83 
서울특별시,성동구,남성,"4,868 ",,"1,138 ",1 ,282 ,,2 ,7 ,50 ,7 ,89 ,17 ,17 ,41 ,,,53 ,152 ,,203 ,1 ,91 ,168 ,88 ,"1,524 ",474 ,194 ,68 ,9 ,143 ,49 
서울특별시,성동구,여성,"6,386 ",,"1,933 ",,471 ,,,1 ,12 ,5 ,235 ,3 ,56 ,16 ,,,50 ,93 ,,34 ,,100 ,263 ,138 ,"1,803 ",476 ,442 ,19 ,55 ,147 ,34 
서울특별시,성북구,총계,"16,890 ",3 ,"7,827 ",,"1,687 ",3 ,61 ,2 ,66 ,20 ,643 ,43 ,104 ,81 ,,,21 ,197 ,,176 ,,307 ,425 ,296 ,"2,380 ",948 ,883 ,209 ,64 ,167 ,277 
서울특별시,성북구,남성,"6,337 ",1 ,"2,682 ",,623 ,3 ,32 ,1 ,46 ,11 ,193 ,30 ,33 ,61 ,,,8 ,88 ,,149 ,,104 ,163 ,131 ,956 ,452 ,224 ,120 ,11 ,77 ,138 
서울특별시,성북구,여성,"10,553 ",2 ,"5,145 ",,"1,064 ",,29 ,1 ,20 ,9 ,450 ,13 ,71 ,20 ,,,13 ,109 ,,27 ,,203 ,262 ,165 ,"1,424 ",496 ,659 ,89 ,53 ,90 ,139 
서울특별시,송파구,총계,"11,950 ",,380 ,2 ,133 ,,117 ,11 ,147 ,9 ,91 ,12 ,316 ,7 ,,,82 ,463 ,,144 ,,249 ,398 ,427 ,"5,631 ","1,530 ","1,105 ",102 ,55 ,497 ,42 
서울특별시,송파구,남성,"5,339 ",,199 ,1 ,62 ,,72 ,10 ,119 ,7 ,31 ,11 ,85 ,5 ,,,36 ,328 ,,119 ,,96 ,144 ,128 ,"2,513 ",706 ,290 ,58 ,14 ,279 ,26 
서울특별시,송파구,여성,"6,611 ",,181 ,1 ,71 ,,45 ,1 ,28 ,2 ,60 ,1 ,231 ,2 ,,,46 ,135 ,,25 ,,153 ,254 ,299 ,"3,118 ",824 ,815 ,44 ,41 ,218 ,16 
서울특별시,양천구,총계,"6,197 ",,169 ,4 ,73 ,,6 ,1 ,28 ,,50 ,3 ,140 ,3 ,,,13 ,54 ,,42 ,,200 ,226 ,74 ,"2,798 ","1,122 ",830 ,67 ,18 ,244 ,32 
서울특별시,양천구,남성,"2,555 ",,57 ,2 ,26 ,,3 ,1 ,18 ,,18 ,3 ,43 ,1 ,,,1 ,24 ,,35 ,,84 ,80 ,31 ,"1,216 ",517 ,198 ,35 ,4 ,135 ,23 
서울특별시,양천구,여성,"3,642 ",,112 ,2 ,47 ,,3 ,,10 ,,32 ,,97 ,2 ,,,12 ,30 ,,7 ,,116 ,146 ,43 ,"1,582 ",605 ,632 ,32 ,14 ,109 ,9 
서울특별시,영등포구,총계,"48,819 ",,"1,155 ",3 ,261 ,1 ,11 ,29 ,124 ,9 ,300 ,7 ,67 ,2 ,40 ,,37 ,445 ,,272 ,,"1,124 ","2,072 ",992 ,"25,594 ","9,818 ","1,563 ",259 ,163 ,"4,235 ",236 
서울특별시,영등포구,남성,"24,770 ",,351 ,1 ,92 ,1 ,8 ,26 ,89 ,7 ,82 ,5 ,15 ,2 ,40 ,,24 ,264 ,,260 ,,463 ,783 ,381 ,"12,730 ","5,840 ",571 ,180 ,38 ,"2,378 ",139 
서울특별시,영등포구,여성,"24,049 ",,804 ,2 ,169 ,,3 ,3 ,35 ,2 ,218 ,2 ,52 ,,,,13 ,181 ,,12 ,,661 ,"1,289 ",611 ,"12,864 ","3,978 ",992 ,79 ,125 ,"1,857 ",97 
서울특별시,용산구,총계,"16,524 ",,826 ,,363 ,26 ,48 ,113 ,624 ,69 ,151 ,56 ,250 ,10 ,,4 ,160 ,854 ,,56 ,,603 ,616 ,"1,648 ","3,776 ",969 ,800 ,771 ,111 ,124 ,"3,496 "
서울특별시,용산구,남성,"8,248 ",,216 ,,102 ,18 ,19 ,94 ,553 ,64 ,51 ,43 ,99 ,7 ,,4 ,64 ,610 ,,44 ,,171 ,306 ,585 ,"1,727 ",484 ,370 ,604 ,36 ,62 ,"1,915 "
서울특별시,용산구,여성,"8,276 ",,610 ,,261 ,8 ,29 ,19 ,71 ,5 ,100 ,13 ,151 ,3 ,,,96 ,244 ,,12 ,,432 ,310 ,"1,063 ","2,049 ",485 ,430 ,167 ,75 ,62 ,"1,581 "
서울특별시,은평구,총계,"6,753 ",,451 ,,275 ,3 ,6 ,5 ,39 ,5 ,96 ,14 ,76 ,3 ,,,12 ,192 ,1 ,40 ,,207 ,311 ,153 ,"2,241 ","1,228 ","1,074 ",47 ,43 ,170 ,61 
서울특별시,은평구,남성,"2,684 ",,159 ,,110 ,2 ,5 ,5 ,27 ,3 ,33 ,11 ,19 ,1 ,,,2 ,94 ,1 ,34 ,,82 ,127 ,67 ,940 ,562 ,272 ,17 ,3 ,74 ,34 
서울특별시,은평구,여성,"4,069 ",,292 ,,165 ,1 ,1 ,,12 ,2 ,63 ,3 ,57 ,2 ,,,10 ,98 ,,6 ,,125 ,184 ,86 ,"1,301 ",666 ,802 ,30 ,40 ,96 ,27 
서울특별시,종로구,총계,"14,300 ",3 ,"4,808 ",,"1,023 ",18 ,19 ,44 ,103 ,22 ,512 ,19 ,35 ,13 ,,,25 ,355 ,3 ,48 ,1 ,160 ,463 ,313 ,"2,829 ",690 ,488 ,140 ,77 ,278 ,"1,811 "
서울특별시,종로구,남성,"6,091 ",2 ,"1,632 ",,541 ,8 ,8 ,24 ,78 ,13 ,160 ,17 ,18 ,7 ,,,8 ,254 ,3 ,32 ,1 ,58 ,200 ,109 ,"1,202 ",332 ,182 ,82 ,20 ,125 ,975 
서울특별시,종로구,여성,"8,209 ",1 ,"3,176 ",,482 ,10 ,11 ,20 ,25 ,9 ,352 ,2 ,17 ,6 ,,,17 ,101 ,,16 ,,102 ,263 ,204 ,"1,627 ",358 ,306 ,58 ,57 ,153 ,836 
서울특별시,중구,총계,"13,748 ",1 ,"2,217 ",,"1,025 ",14 ,25 ,83 ,269 ,38 ,336 ,20 ,35 ,9 ,,,31 ,313 ,,79 ,,248 ,999 ,401 ,"3,381 ","1,182 ",452 ,312 ,60 ,425 ,"1,793 "
서울특별시,중구,남성,"6,296 ",1 ,764 ,,524 ,8 ,9 ,52 ,204 ,17 ,95 ,17 ,16 ,6 ,,,19 ,211 ,,53 ,,102 ,482 ,147 ,"1,486 ",623 ,139 ,171 ,13 ,202 ,935 
서울특별시,중구,여성,"7,452 ",,"1,453 ",,501 ,6 ,16 ,31 ,65 ,21 ,241 ,3 ,19 ,3 ,,,12 ,102 ,,26 ,,146 ,517 ,254 ,"1,895 ",559 ,313 ,141 ,47 ,223 ,858 
서울특별시,중랑구,총계,"9,160 ",,"1,973 ",,517 ,,6 ,13 ,29 ,29 ,289 ,5 ,38 ,11 ,,,16 ,108 ,,81 ,,244 ,424 ,510 ,"2,252 ",975 ,973 ,321 ,18 ,279 ,49 
서울특별시,중랑구,남성,"3,931 ",,911 ,,248 ,,3 ,11 ,20 ,10 ,101 ,5 ,8 ,4 ,,,8 ,58 ,,56 ,,100 ,171 ,278 ,995 ,425 ,167 ,173 ,3 ,147 ,29 
서울특별시,중랑구,여성,"5,229 ",,"1,062 ",,269 ,,3 ,2 ,9 ,19 ,188 ,,30 ,7 ,,,8 ,50 ,,25 ,,144 ,253 ,232 ,"1,257 ",550 ,806 ,148 ,15 ,132 ,20 
세종특별자치시,총계,총계,"8,155 ",,"1,292 ",1 ,372 ,,3 ,2 ,12 ,7 ,67 ,11 ,168 ,9 ,,,4 ,316 ,23 ,"1,913 ",,302 ,136 ,218 ,"1,397 ",586 ,796 ,300 ,4 ,174 ,42 
세종특별자치시, ,총계,"8,155 ",,"1,292 ",1 ,372 ,,3 ,2 ,12 ,7 ,67 ,11 ,168 ,9 ,,,4 ,316 ,23 ,"1,913 ",,302 ,136 ,218 ,"1,397 ",586 ,796 ,300 ,4 ,174 ,42 
세종특별자치시, ,남성,"4,936 ",,718 ,1 ,280 ,,3 ,2 ,11 ,7 ,25 ,6 ,59 ,8 ,,,3 ,294 ,16 ,"1,788 ",,114 ,57 ,70 ,695 ,263 ,156 ,227 ,,97 ,36 
세종특별자치시, ,여성,"3,219 ",,574 ,,92 ,,,,1 ,,42 ,5 ,109 ,1 ,,,1 ,22 ,7 ,125 ,,188 ,79 ,148 ,702 ,323 ,640 ,73 ,4 ,77 ,6 
울산광역시,총계,총계,"36,836 ",1 ,"1,409 ",24 ,600 ,,27 ,32 ,54 ,339 ,394 ,18 ,223 ,138 ,,,53 ,"5,450 ",,"8,149 ",409 ,"1,348 ","1,048 ","1,741 ","6,595 ","3,380 ","3,082 ","1,487 ",17 ,654 ,164 
울산광역시,남구,총계,"6,564 ",1 ,848 ,2 ,442 ,,6 ,1 ,26 ,60 ,110 ,5 ,142 ,44 ,,,22 ,162 ,,375 ,50 ,246 ,220 ,197 ,"1,590 ",837 ,713 ,257 ,3 ,186 ,19 
울산광역시,남구,남성,"3,474 ",,497 ,2 ,255 ,,2 ,1 ,21 ,60 ,64 ,4 ,51 ,34 ,,,6 ,152 ,,368 ,50 ,91 ,94 ,63 ,851 ,415 ,100 ,170 ,,109 ,14 
울산광역시,남구,여성,"3,090 ",1 ,351 ,,187 ,,4 ,,5 ,,46 ,1 ,91 ,10 ,,,16 ,10 ,,7 ,,155 ,126 ,134 ,739 ,422 ,613 ,87 ,3 ,77 ,5 
울산광역시,동구,총계,"12,218 ",,99 ,3 ,71 ,,5 ,31 ,13 ,275 ,174 ,,22 ,1 ,,,18 ,"3,997 ",,"2,863 ",247 ,304 ,298 ,937 ,"1,060 ",519 ,539 ,624 ,1 ,78 ,39 
울산광역시,동구,남성,"9,695 ",,64 ,3 ,48 ,,5 ,29 ,11 ,261 ,146 ,,3 ,1 ,,,11 ,"3,968 ",,"2,788 ",247 ,113 ,129 ,205 ,638 ,300 ,99 ,547 ,,44 ,35 
울산광역시,동구,여성,"2,523 ",,35 ,,23 ,,,2 ,2 ,14 ,28 ,,19 ,,,,7 ,29 ,,75 ,,191 ,169 ,732 ,422 ,219 ,440 ,77 ,1 ,34 ,4 
울산광역시,북구,총계,"3,446 ",,12 ,,4 ,,6 ,,3 ,1 ,12 ,,25 ,,,,,200 ,,"1,126 ",106 ,224 ,76 ,106 ,451 ,353 ,594 ,82 ,3 ,46 ,16 
울산광역시,북구,남성,"2,090 ",,6 ,,2 ,,4 ,,2 ,1 ,6 ,,6 ,,,,,194 ,,"1,052 ",106 ,88 ,25 ,16 ,204 ,176 ,103 ,61 ,,24 ,14 
울산광역시,북구,여성,"1,356 ",,6 ,,2 ,,2 ,,1 ,,6 ,,19 ,,,,,6 ,,74 ,,136 ,51 ,90 ,247 ,177 ,491 ,21 ,3 ,22 ,2 
울산광역시,울주군,총계,"11,906 ",,416 ,19 ,60 ,,9 ,,7 ,1 ,83 ,12 ,11 ,92 ,,,5 ,"1,057 ",,"3,577 ",3 ,369 ,368 ,438 ,"2,639 ","1,213 ",745 ,433 ,6 ,274 ,69 
울산광역시,울주군,남성,"8,294 ",,255 ,19 ,37 ,,7 ,,5 ,1 ,62 ,11 ,3 ,72 ,,,4 ,"1,045 ",,"3,416 ",3 ,132 ,133 ,125 ,"1,510 ",713 ,147 ,365 ,1 ,166 ,62 
울산광역시,울주군,여성,"3,612 ",,161 ,,23 ,,2 ,,2 ,,21 ,1 ,8 ,20 ,,,1 ,12 ,,161 ,,237 ,235 ,313 ,"1,129 ",500 ,598 ,68 ,5 ,108 ,7 
울산광역시,중구,총계,"2,702 ",,34 ,,23 ,,1 ,,5 ,2 ,15 ,1 ,23 ,1 ,,,8 ,34 ,,208 ,3 ,205 ,86 ,63 ,855 ,458 ,491 ,91 ,4 ,70 ,21 
울산광역시,중구,남성,"1,253 ",,14 ,,14 ,,1 ,,4 ,2 ,10 ,1 ,9 ,,,,3 ,33 ,,164 ,3 ,76 ,24 ,19 ,430 ,235 ,80 ,73 ,1 ,42 ,15 
울산광역시,중구,여성,"1,449 ",,20 ,,9 ,,,,1 ,,5 ,,14 ,1 ,,,5 ,1 ,,44 ,,129 ,62 ,44 ,425 ,223 ,411 ,18 ,3 ,28 ,6 
인천광역시,총계,총계,"141,941 ",4 ,"7,164 ",33 ,"2,204 ",,70 ,65 ,"1,439 ",222 ,919 ,125 ,516 ,104 ,130 ,11 ,119 ,"3,212 ",15 ,"14,771 ",288 ,"5,381 ","6,616 ","6,949 ","46,034 ","22,293 ","11,869 ","5,265 ",95 ,"4,741 ","1,287 "
인천광역시,강화군,총계,"1,547 ",,27 ,,3 ,,8 ,,2 ,,2 ,,16 ,,,,,93 ,,707 ,1 ,46 ,25 ,51 ,258 ,73 ,167 ,42 ,1 ,18 ,7 
인천광역시,강화군,남성,"1,031 ",,22 ,,1 ,,6 ,,2 ,,1 ,,4 ,,,,,91 ,,641 ,1 ,23 ,14 ,12 ,115 ,25 ,19 ,39 ,,9 ,6 
인천광역시,강화군,여성,516 ,,5 ,,2 ,,2 ,,,,1 ,,12 ,,,,,2 ,,66 ,,23 ,11 ,39 ,143 ,48 ,148 ,3 ,1 ,9 ,1 
인천광역시,계양구,총계,"5,457 ",,415 ,1 ,148 ,,4 ,2 ,12 ,9 ,56 ,1 ,20 ,1 ,,,3 ,138 ,2 ,521 ,,243 ,172 ,195 ,"1,525 ",854 ,793 ,140 ,7 ,174 ,21 
인천광역시,계양구,남성,"2,446 ",,97 ,,61 ,,2 ,2 ,8 ,5 ,18 ,1 ,3 ,1 ,,,2 ,120 ,1 ,483 ,,84 ,75 ,85 ,675 ,390 ,141 ,76 ,,98 ,18 
인천광역시,계양구,여성,"3,011 ",,318 ,1 ,87 ,,2 ,,4 ,4 ,38 ,,17 ,,,,1 ,18 ,1 ,38 ,,159 ,97 ,110 ,850 ,464 ,652 ,64 ,7 ,76 ,3 
인천광역시,남동구,총계,"19,527 ",1 ,439 ,8 ,166 ,,17 ,3 ,40 ,13 ,119 ,2 ,56 ,5 ,2 ,,6 ,793 ,,"4,498 ",38 ,614 ,807 ,686 ,"5,532 ","3,002 ","1,790 ",272 ,12 ,525 ,81 
인천광역시,남동구,남성,"11,506 ",,165 ,7 ,90 ,,12 ,3 ,31 ,7 ,39 ,2 ,18 ,4 ,2 ,,2 ,755 ,,"4,336 ",38 ,241 ,358 ,236 ,"2,575 ","1,610 ",423 ,195 ,5 ,290 ,62 
인천광역시,남동구,여성,"8,021 ",1 ,274 ,1 ,76 ,,5 ,,9 ,6 ,80 ,,38 ,1 ,,,4 ,38 ,,162 ,,373 ,449 ,450 ,"2,957 ","1,392 ","1,367 ",77 ,7 ,235 ,19 
인천광역시,동구,총계,"1,566 ",,14 ,1 ,3 ,,11 ,,6 ,2 ,1 ,,2 ,,,,,39 ,,234 ,5 ,70 ,82 ,53 ,489 ,309 ,178 ,12 ,,49 ,6 
인천광역시,동구,남성,825 ,,6 ,1 ,1 ,,11 ,,5 ,1 ,1 ,,1 ,,,,,39 ,,230 ,5 ,25 ,27 ,20 ,214 ,160 ,34 ,10 ,,30 ,4 
인천광역시,동구,여성,741 ,,8 ,,2 ,,,,1 ,1 ,,,1 ,,,,,,,4 ,,45 ,55 ,33 ,275 ,149 ,144 ,2 ,,19 ,2 
인천광역시,미추홀구,총계,"20,968 ",3 ,"2,959 ",8 ,765 ,,4 ,2 ,144 ,29 ,293 ,6 ,29 ,40 ,,,6 ,213 ,,786 ,140 ,836 ,"1,039 ",901 ,"6,151 ","3,676 ","1,786 ",514 ,18 ,553 ,67 
인천광역시,미추홀구,남성,"10,274 ",1 ,"1,522 ",2 ,352 ,,2 ,1 ,123 ,24 ,121 ,5 ,7 ,31 ,,,2 ,183 ,,719 ,140 ,344 ,464 ,356 ,"2,762 ","2,011 ",426 ,319 ,7 ,301 ,49 
인천광역시,미추홀구,여성,"10,694 ",2 ,"1,437 ",6 ,413 ,,2 ,1 ,21 ,5 ,172 ,1 ,22 ,9 ,,,4 ,30 ,,67 ,,492 ,575 ,545 ,"3,389 ","1,665 ","1,360 ",195 ,11 ,252 ,18 
인천광역시,부평구,총계,"31,139 ",,664 ,3 ,238 ,,6 ,2 ,37 ,15 ,142 ,2 ,41 ,3 ,,,16 ,160 ,8 ,578 ,3 ,977 ,"1,842 ",668 ,"12,950 ","8,331 ","2,344 ",677 ,16 ,"1,330 ",86 
인천광역시,부평구,남성,"15,269 ",,239 ,1 ,117 ,,6 ,1 ,28 ,9 ,60 ,2 ,14 ,3 ,,,7 ,126 ,4 ,526 ,3 ,434 ,773 ,255 ,"5,974 ","4,650 ",777 ,465 ,5 ,728 ,62 
인천광역시,부평구,여성,"15,870 ",,425 ,2 ,121 ,,,1 ,9 ,6 ,82 ,,27 ,,,,9 ,34 ,4 ,52 ,,543 ,"1,069 ",413 ,"6,976 ","3,681 ","1,567 ",212 ,11 ,602 ,24 
인천광역시,서구,총계,"22,067 ",,351 ,12 ,94 ,,7 ,2 ,160 ,37 ,106 ,3 ,108 ,4 ,,7 ,32 ,967 ,2 ,"5,790 ",,747 ,829 ,949 ,"5,230 ","2,505 ","2,535 ",930 ,24 ,485 ,151 
인천광역시,서구,남성,"13,359 ",,157 ,10 ,43 ,,4 ,2 ,134 ,30 ,46 ,3 ,33 ,3 ,,7 ,18 ,900 ,2 ,"5,602 ",,287 ,376 ,315 ,"2,415 ","1,254 ",569 ,747 ,2 ,272 ,128 
인천광역시,서구,여성,"8,708 ",,194 ,2 ,51 ,,3 ,,26 ,7 ,60 ,,75 ,1 ,,,14 ,67 ,,188 ,,460 ,453 ,634 ,"2,815 ","1,251 ","1,966 ",183 ,22 ,213 ,23 
인천광역시,연수구,총계,"30,661 ",,"2,144 ",,760 ,,7 ,10 ,935 ,101 ,146 ,108 ,196 ,47 ,1 ,2 ,14 ,523 ,1 ,663 ,23 ,"1,556 ","1,096 ","3,160 ","11,327 ","1,899 ","1,272 ","2,474 ",8 ,"1,356 ",832 
인천광역시,연수구,남성,"15,960 ",,915 ,,543 ,,3 ,9 ,882 ,93 ,73 ,77 ,62 ,31 ,1 ,2 ,12 ,383 ,1 ,614 ,23 ,688 ,532 ,"1,328 ","5,367 ",968 ,364 ,"1,818 ",2 ,715 ,454 
인천광역시,연수구,여성,"14,701 ",,"1,229 ",,217 ,,4 ,1 ,53 ,8 ,73 ,31 ,134 ,16 ,,,2 ,140 ,,49 ,,868 ,564 ,"1,832 ","5,960 ",931 ,908 ,656 ,6 ,641 ,378 
인천광역시,옹진군,총계,785 ,,,,,,,,,,,,5 ,,,,,5 ,,632 ,,10 ,3 ,2 ,60 ,12 ,34 ,2 ,,9 ,11 
인천광역시,옹진군,남성,697 ,,,,,,,,,,,,2 ,,,,,5 ,,632 ,,3 ,2 ,,24 ,8 ,2 ,2 ,,6 ,11 
인천광역시,옹진군,여성,88 ,,,,,,,,,,,,3 ,,,,,,,,,7 ,1 ,2 ,36 ,4 ,32 ,,,3 ,0 
인천광역시,중구,총계,"8,224 ",,151 ,,27 ,,6 ,44 ,103 ,16 ,54 ,3 ,43 ,4 ,127 ,2 ,42 ,281 ,2 ,362 ,78 ,282 ,721 ,284 ,"2,512 ","1,632 ",970 ,202 ,9 ,242 ,25 
인천광역시,중구,남성,"4,023 ",,73 ,,13 ,,4 ,41 ,93 ,10 ,29 ,2 ,11 ,4 ,125 ,2 ,12 ,211 ,2 ,353 ,78 ,119 ,349 ,95 ,"1,113 ",827 ,186 ,122 ,1 ,127 ,21 
인천광역시,중구,여성,"4,201 ",,78 ,,14 ,,2 ,3 ,10 ,6 ,25 ,1 ,32 ,,2 ,,30 ,70 ,,9 ,,163 ,372 ,189 ,"1,399 ",805 ,784 ,80 ,8 ,115 ,4 
전라남도,총계,총계,"70,363 ",,"4,264 ",5 ,"1,817 ",,59 ,22 ,233 ,191 ,613 ,16 ,400 ,83 ,,,31 ,"4,008 ","9,781 ","24,645 ","3,903 ","2,699 ",772 ,"2,034 ","4,018 ","2,187 ","6,037 ","1,799 ",13 ,460 ,273 
전라남도,강진군,총계,781 ,,2 ,,7 ,,,,,,,,9 ,,,,,28 ,99 ,326 ,,50 ,5 ,9 ,66 ,36 ,122 ,14 ,1 ,6 ,1 
전라남도,강진군,남성,437 ,,,,2 ,,,,,,,,2 ,,,,,26 ,57 ,266 ,,18 ,1 ,5 ,30 ,8 ,9 ,11 ,,2 ,0 
전라남도,강진군,여성,344 ,,2 ,,5 ,,,,,,,,7 ,,,,,2 ,42 ,60 ,,32 ,4 ,4 ,36 ,28 ,113 ,3 ,1 ,4 ,1 
전라남도,고흥군,총계,"3,309 ",,2 ,,1 ,,,,,,,,7 ,,,,,90 ,"1,249 ","1,427 ",12 ,75 ,24 ,40 ,124 ,18 ,220 ,10 ,,6 ,4 
전라남도,고흥군,남성,"2,476 ",,1 ,,,,,,,,,,2 ,,,,,90 ,871 ,"1,365 ",12 ,28 ,10 ,9 ,55 ,1 ,19 ,6 ,,4 ,3 
전라남도,고흥군,여성,833 ,,1 ,,1 ,,,,,,,,5 ,,,,,,378 ,62 ,,47 ,14 ,31 ,69 ,17 ,201 ,4 ,,2 ,1 
전라남도,곡성군,총계,751 ,,16 ,,33 ,,,,,,,,8 ,,,,,55 ,85 ,323 ,,27 ,9 ,29 ,47 ,35 ,64 ,12 ,,7 ,1 
전라남도,곡성군,남성,474 ,,13 ,,26 ,,,,,,,,2 ,,,,,53 ,49 ,256 ,,11 ,5 ,5 ,26 ,7 ,4 ,11 ,,5 ,1 
전라남도,곡성군,여성,277 ,,3 ,,7 ,,,,,,,,6 ,,,,,2 ,36 ,67 ,,16 ,4 ,24 ,21 ,28 ,60 ,1 ,,2 ,0 
전라남도,광양시,총계,"2,691 ",,28 ,,22 ,,1 ,,148 ,3 ,22 ,,43 ,,,,3 ,142 ,126 ,612 ,18 ,203 ,33 ,94 ,319 ,210 ,508 ,111 ,2 ,36 ,7 
전라남도,광양시,남성,"1,544 ",,17 ,,16 ,,1 ,,131 ,3 ,17 ,,5 ,,,,3 ,139 ,80 ,584 ,18 ,73 ,14 ,27 ,156 ,78 ,58 ,96 ,,23 ,5 
전라남도,광양시,여성,"1,147 ",,11 ,,6 ,,,,17 ,,5 ,,38 ,,,,,3 ,46 ,28 ,,130 ,19 ,67 ,163 ,132 ,450 ,15 ,2 ,13 ,2 
전라남도,구례군,총계,287 ,,,,,,,,,1 ,,,8 ,,,,,9 ,12 ,64 ,,33 ,1 ,12 ,53 ,25 ,58 ,,2 ,8 ,1 
전라남도,구례군,남성,125 ,,,,,,,,,1 ,,,,,,,,8 ,4 ,56 ,,9 ,,2 ,29 ,2 ,6 ,,2 ,6 ,0 
전라남도,구례군,여성,162 ,,,,,,,,,,,,8 ,,,,,1 ,8 ,8 ,,24 ,1 ,10 ,24 ,23 ,52 ,,,2 ,1 
전라남도,나주시,총계,"5,776 ",,"1,465 ",,420 ,,8 ,,12 ,1 ,107 ,5 ,29 ,27 ,,,,121 ,293 ,"1,843 ",,210 ,63 ,118 ,247 ,185 ,469 ,103 ,1 ,27 ,22 
전라남도,나주시,남성,"3,566 ",,837 ,,286 ,,7 ,,9 ,,57 ,3 ,9 ,23 ,,,,106 ,154 ,"1,589 ",,76 ,27 ,34 ,118 ,70 ,65 ,69 ,,12 ,15 
전라남도,나주시,여성,"2,210 ",,628 ,,134 ,,1 ,,3 ,1 ,50 ,2 ,20 ,4 ,,,,15 ,139 ,254 ,,134 ,36 ,84 ,129 ,115 ,404 ,34 ,1 ,15 ,7 
전라남도,담양군,총계,"1,597 ",,2 ,3 ,1 ,,4 ,,1 ,,2 ,,2 ,,,,,93 ,444 ,733 ,,59 ,8 ,26 ,45 ,18 ,128 ,20 ,,3 ,5 
전라남도,담양군,남성,809 ,,1 ,3 ,1 ,,3 ,,1 ,,1 ,,,,,,,85 ,150 ,478 ,,21 ,4 ,4 ,20 ,4 ,17 ,11 ,,2 ,3 
전라남도,담양군,여성,788 ,,1 ,,,,1 ,,,,1 ,,2 ,,,,,8 ,294 ,255 ,,38 ,4 ,22 ,25 ,14 ,111 ,9 ,,1 ,2 
전라남도,목포시,총계,"5,456 ",,575 ,1 ,417 ,,4 ,1 ,10 ,34 ,85 ,2 ,40 ,1 ,,,2 ,144 ,32 ,784 ,"1,128 ",254 ,41 ,169 ,492 ,230 ,580 ,302 ,2 ,73 ,53 
전라남도,목포시,남성,"3,514 ",,349 ,,267 ,,4 ,1 ,9 ,31 ,46 ,,13 ,1 ,,,,139 ,21 ,652 ,"1,128 ",93 ,11 ,55 ,227 ,80 ,70 ,228 ,1 ,43 ,45 
전라남도,목포시,여성,"1,942 ",,226 ,1 ,150 ,,,,1 ,3 ,39 ,2 ,27 ,,,,2 ,5 ,11 ,132 ,,161 ,30 ,114 ,265 ,150 ,510 ,74 ,1 ,30 ,8 
전라남도,무안군,총계,"2,584 ",,297 ,,108 ,,3 ,2 ,2 ,28 ,40 ,1 ,34 ,5 ,,,,80 ,179 ,891 ,71 ,100 ,10 ,86 ,140 ,66 ,268 ,141 ,,20 ,12 
전라남도,무안군,남성,"1,721 ",,176 ,,79 ,,2 ,2 ,2 ,25 ,20 ,1 ,7 ,3 ,,,,79 ,115 ,825 ,71 ,43 ,2 ,22 ,70 ,13 ,20 ,126 ,,10 ,8 
전라남도,무안군,여성,863 ,,121 ,,29 ,,1 ,,,3 ,20 ,,27 ,2 ,,,,1 ,64 ,66 ,,57 ,8 ,64 ,70 ,53 ,248 ,15 ,,10 ,4 
전라남도,보성군,총계,"1,263 ",,4 ,,,,3 ,,,,1 ,,11 ,,,,,20 ,622 ,285 ,,54 ,25 ,27 ,42 ,16 ,138 ,11 ,,2 ,2 
전라남도,보성군,남성,634 ,,1 ,,,,3 ,,,,,,3 ,,,,,20 ,302 ,225 ,,19 ,19 ,5 ,17 ,3 ,7 ,9 ,,,1 
전라남도,보성군,여성,629 ,,3 ,,,,,,,,1 ,,8 ,,,,,,320 ,60 ,,35 ,6 ,22 ,25 ,13 ,131 ,2 ,,2 ,1 
전라남도,순천시,총계,"4,127 ",,918 ,,435 ,,18 ,9 ,7 ,2 ,110 ,3 ,66 ,25 ,,,3 ,80 ,191 ,554 ,3 ,263 ,49 ,154 ,342 ,204 ,589 ,39 ,2 ,52 ,9 
전라남도,순천시,남성,"2,215 ",,504 ,,297 ,,13 ,9 ,6 ,2 ,59 ,1 ,17 ,20 ,,,2 ,75 ,118 ,544 ,3 ,98 ,17 ,58 ,160 ,68 ,72 ,26 ,,39 ,7 
전라남도,순천시,여성,"1,912 ",,414 ,,138 ,,5 ,,1 ,,51 ,2 ,49 ,5 ,,,1 ,5 ,73 ,10 ,,165 ,32 ,96 ,182 ,136 ,517 ,13 ,2 ,13 ,2 
전라남도,신안군,총계,"2,026 ",,,,1 ,,1 ,,16 ,,,,9 ,,,,,31 ,353 ,"1,184 ",124 ,69 ,9 ,8 ,38 ,18 ,150 ,10 ,,2 ,3 
전라남도,신안군,남성,"1,668 ",,,,,,1 ,,16 ,,,,6 ,,,,,31 ,253 ,"1,169 ",124 ,26 ,4 ,,19 ,4 ,5 ,7 ,,1 ,2 
전라남도,신안군,여성,358 ,,,,1 ,,,,,,,,3 ,,,,,,100 ,15 ,,43 ,5 ,8 ,19 ,14 ,145 ,3 ,,1 ,1 
전라남도,여수시,총계,"7,745 ",,575 ,1 ,306 ,,12 ,1 ,18 ,5 ,98 ,3 ,47 ,14 ,,,15 ,189 ,98 ,"2,266 ","2,108 ",293 ,51 ,144 ,352 ,288 ,717 ,94 ,2 ,25 ,23 
전라남도,여수시,남성,"5,791 ",,383 ,1 ,214 ,,12 ,1 ,17 ,4 ,58 ,2 ,11 ,12 ,,,9 ,183 ,51 ,"2,165 ","2,108 ",104 ,23 ,42 ,154 ,60 ,78 ,70 ,,10 ,19 
전라남도,여수시,여성,"1,954 ",,192 ,,92 ,,,,1 ,1 ,40 ,1 ,36 ,2 ,,,6 ,6 ,47 ,101 ,,189 ,28 ,102 ,198 ,228 ,639 ,24 ,2 ,15 ,4 
전라남도,영광군,총계,"1,481 ",,11 ,,1 ,,1 ,9 ,3 ,86 ,2 ,,15 ,,,,,49 ,67 ,550 ,117 ,96 ,10 ,21 ,137 ,72 ,194 ,8 ,,30 ,2 
전라남도,영광군,남성,"1,053 ",,7 ,,1 ,,1 ,9 ,3 ,86 ,2 ,,3 ,,,,,47 ,39 ,533 ,117 ,41 ,5 ,4 ,74 ,30 ,20 ,6 ,,24 ,1 
전라남도,영광군,여성,428 ,,4 ,,,,,,,,,,12 ,,,,,2 ,28 ,17 ,,55 ,5 ,17 ,63 ,42 ,174 ,2 ,,6 ,1 
전라남도,영암군,총계,"11,300 ",,310 ,,44 ,,,,11 ,29 ,126 ,2 ,8 ,,,,8 ,"2,194 ",173 ,"4,106 ",3 ,300 ,305 ,811 ,"1,053 ",487 ,503 ,654 ,1 ,109 ,63 
전라남도,영암군,남성,"8,828 ",,162 ,,22 ,,,,9 ,29 ,112 ,2 ,3 ,,,,,"2,171 ",86 ,"4,008 ",3 ,116 ,212 ,197 ,604 ,266 ,124 ,583 ,,64 ,55 
전라남도,영암군,여성,"2,472 ",,148 ,,22 ,,,,2 ,,14 ,,5 ,,,,8 ,23 ,87 ,98 ,,184 ,93 ,614 ,449 ,221 ,379 ,71 ,1 ,45 ,8 
전라남도,완도군,총계,"5,926 ",,1 ,,8 ,,,,,,2 ,,11 ,,,,,90 ,"2,304 ","2,797 ",143 ,116 ,2 ,36 ,76 ,26 ,208 ,81 ,,9 ,16 
전라남도,완도군,남성,"5,216 ",,1 ,,8 ,,,,,,2 ,,5 ,,,,,90 ,"2,023 ","2,777 ",143 ,47 ,1 ,6 ,35 ,5 ,7 ,49 ,,1 ,16 
전라남도,완도군,여성,710 ,,,,,,,,,,,,6 ,,,,,,281 ,20 ,,69 ,1 ,30 ,41 ,21 ,201 ,32 ,,8 ,0 
전라남도,장성군,총계,"1,536 ",,10 ,,1 ,,3 ,,,,4 ,,,,,,,139 ,184 ,693 ,,90 ,29 ,55 ,61 ,34 ,190 ,30 ,,3 ,10 
전라남도,장성군,남성,989 ,,2 ,,,,,,,,4 ,,,,,,,133 ,102 ,606 ,,34 ,19 ,9 ,30 ,8 ,17 ,18 ,,1 ,6 
전라남도,장성군,여성,547 ,,8 ,,1 ,,3 ,,,,,,,,,,,6 ,82 ,87 ,,56 ,10 ,46 ,31 ,26 ,173 ,12 ,,2 ,4 
전라남도,장흥군,총계,"1,279 ",,3 ,,10 ,,,,1 ,2 ,2 ,,6 ,,,,,23 ,447 ,433 ,4 ,48 ,10 ,10 ,72 ,39 ,141 ,17 ,,9 ,2 
전라남도,장흥군,남성,773 ,,2 ,,10 ,,,,1 ,2 ,1 ,,1 ,,,,,23 ,277 ,362 ,4 ,17 ,4 ,2 ,36 ,7 ,10 ,9 ,,4 ,1 
전라남도,장흥군,여성,506 ,,1 ,,,,,,,,1 ,,5 ,,,,,,170 ,71 ,,31 ,6 ,8 ,36 ,32 ,131 ,8 ,,5 ,1 
전라남도,진도군,총계,"3,185 ",,2 ,,,,,,2 ,,,,9 ,,,,,87 ,680 ,"1,850 ",154 ,71 ,4 ,38 ,49 ,26 ,154 ,30 ,,8 ,21 
전라남도,진도군,남성,"2,652 ",,2 ,,,,,,2 ,,,,1 ,,,,,87 ,452 ,"1,836 ",154 ,26 ,,6 ,22 ,5 ,11 ,25 ,,5 ,18 
전라남도,진도군,여성,533 ,,,,,,,,,,,,8 ,,,,,,228 ,14 ,,45 ,4 ,32 ,27 ,21 ,143 ,5 ,,3 ,3 
전라남도,함평군,총계,"1,391 ",,4 ,,1 ,,,,,,1 ,,7 ,,,,,89 ,264 ,721 ,1 ,53 ,5 ,32 ,49 ,19 ,118 ,21 ,,2 ,4 
전라남도,함평군,남성,961 ,,1 ,,,,,,,,,,,,,,,84 ,171 ,618 ,1 ,22 ,3 ,4 ,26 ,2 ,5 ,21 ,,,3 
전라남도,함평군,여성,430 ,,3 ,,1 ,,,,,,1 ,,7 ,,,,,5 ,93 ,103 ,,31 ,2 ,28 ,23 ,17 ,113 ,,,2 ,1 
전라남도,해남군,총계,"4,561 ",,1 ,,,,,,2 ,,9 ,,18 ,,,,,192 ,"1,770 ","1,706 ",17 ,144 ,52 ,73 ,118 ,52 ,301 ,82 ,,14 ,10 
전라남도,해남군,남성,"3,217 ",,1 ,,,,,,2 ,,8 ,,5 ,,,,,188 ,"1,092 ","1,617 ",17 ,50 ,38 ,19 ,64 ,10 ,12 ,76 ,,9 ,9 
전라남도,해남군,여성,"1,344 ",,,,,,,,,,1 ,,13 ,,,,,4 ,678 ,89 ,,94 ,14 ,54 ,54 ,42 ,289 ,6 ,,5 ,1 
전라남도,화순군,총계,"1,311 ",,38 ,,1 ,,1 ,,,,2 ,,13 ,11 ,,,,63 ,109 ,497 ,,91 ,27 ,42 ,96 ,83 ,217 ,9 ,,9 ,2 
전라남도,화순군,남성,706 ,,19 ,,,,1 ,,,,1 ,,3 ,5 ,,,,61 ,54 ,408 ,,38 ,14 ,13 ,39 ,15 ,20 ,8 ,,5 ,2 
전라남도,화순군,여성,605 ,,19 ,,1 ,,,,,,1 ,,10 ,6 ,,,,2 ,55 ,89 ,,53 ,13 ,29 ,57 ,68 ,197 ,1 ,,4 ,0 
전북특별자치도,총계,총계,"53,838 ",,"10,178 ",40 ,"3,326 ",,51 ,5 ,153 ,36 ,"1,257 ",21 ,385 ,137 ,,,30 ,"2,090 ","1,983 ","13,234 ",386 ,"2,263 ","1,411 ","2,340 ","4,242 ","2,284 ","5,310 ","1,629 ",17 ,453 ,577 
전북특별자치도,고창군,총계,"2,155 ",,3 ,,,,2 ,,1 ,,1 ,,12 ,,,,,92 ,603 ,688 ,,72 ,60 ,104 ,199 ,60 ,184 ,39 ,,29 ,6 
전북특별자치도,고창군,남성,"1,271 ",,3 ,,,,2 ,,,,1 ,,3 ,,,,,86 ,341 ,580 ,,30 ,35 ,17 ,100 ,11 ,7 ,31 ,,19 ,5 
전북특별자치도,고창군,여성,884 ,,,,,,,,1 ,,,,9 ,,,,,6 ,262 ,108 ,,42 ,25 ,87 ,99 ,49 ,177 ,8 ,,10 ,1 
전북특별자치도,군산시,총계,"11,643 ",,"1,956 ",7 ,433 ,,,2 ,96 ,19 ,310 ,2 ,46 ,12 ,,,12 ,534 ,141 ,"3,177 ",309 ,392 ,157 ,348 ,"1,221 ",587 ,931 ,457 ,3 ,115 ,376 
전북특별자치도,군산시,남성,"7,873 ",,"1,322 ",3 ,276 ,,,2 ,85 ,16 ,183 ,2 ,7 ,10 ,,,,524 ,117 ,"3,106 ",309 ,141 ,68 ,102 ,597 ,264 ,133 ,306 ,,66 ,234 
전북특별자치도,군산시,여성,"3,770 ",,634 ,4 ,157 ,,,,11 ,3 ,127 ,,39 ,2 ,,,12 ,10 ,24 ,71 ,,251 ,89 ,246 ,624 ,323 ,798 ,151 ,3 ,49 ,142 
전북특별자치도,김제시,총계,"3,819 ",,41 ,9 ,11 ,,,,1 ,3 ,20 ,,13 ,,,,,316 ,97 ,"1,528 ",1 ,140 ,423 ,458 ,162 ,107 ,337 ,119 ,,10 ,23 
전북특별자치도,김제시,남성,"2,506 ",,27 ,9 ,5 ,,,,1 ,3 ,11 ,,1 ,,,,,305 ,52 ,"1,339 ",1 ,42 ,309 ,103 ,78 ,43 ,51 ,105 ,,4 ,17 
전북특별자치도,김제시,여성,"1,313 ",,14 ,,6 ,,,,,,9 ,,12 ,,,,,11 ,45 ,189 ,,98 ,114 ,355 ,84 ,64 ,286 ,14 ,,6 ,6 
전북특별자치도,남원시,총계,"1,656 ",,19 ,,2 ,,,,2 ,,3 ,,15 ,,,,,68 ,125 ,402 ,,127 ,58 ,80 ,221 ,113 ,296 ,82 ,,34 ,9 
전북특별자치도,남원시,남성,826 ,,13 ,,1 ,,,,2 ,,2 ,,1 ,,,,,62 ,56 ,315 ,,57 ,29 ,24 ,106 ,28 ,34 ,70 ,,22 ,4 
전북특별자치도,남원시,여성,830 ,,6 ,,1 ,,,,,,1 ,,14 ,,,,,6 ,69 ,87 ,,70 ,29 ,56 ,115 ,85 ,262 ,12 ,,12 ,5 
전북특별자치도,무주군,총계,359 ,,,,,,,,,,,,5 ,,,,,8 ,77 ,91 ,,29 ,7 ,4 ,23 ,26 ,81 ,5 ,,1 ,2 
전북특별자치도,무주군,남성,181 ,,,,,,,,,,,,1 ,,,,,8 ,61 ,71 ,,12 ,2 ,1 ,9 ,6 ,5 ,3 ,,,2 
전북특별자치도,무주군,여성,178 ,,,,,,,,,,,,4 ,,,,,,16 ,20 ,,17 ,5 ,3 ,14 ,20 ,76 ,2 ,,1 ,0 
전북특별자치도,부안군,총계,"1,612 ",,7 ,,1 ,,,,2 ,,1 ,,7 ,,,,,55 ,147 ,691 ,75 ,95 ,78 ,63 ,104 ,47 ,175 ,43 ,,13 ,8 
전북특별자치도,부안군,남성,"1,063 ",,4 ,,,,,,1 ,,,,2 ,,,,,53 ,84 ,627 ,75 ,31 ,41 ,22 ,46 ,4 ,19 ,39 ,,8 ,7 
전북특별자치도,부안군,여성,549 ,,3 ,,1 ,,,,1 ,,1 ,,5 ,,,,,2 ,63 ,64 ,,64 ,37 ,41 ,58 ,43 ,156 ,4 ,,5 ,1 
전북특별자치도,순창군,총계,520 ,,3 ,,1 ,,,,,,,,5 ,,,,1 ,27 ,44 ,189 ,,39 ,24 ,27 ,27 ,39 ,91 ,,,,3 
전북특별자치도,순창군,남성,260 ,,2 ,,,,,,,,,,1 ,,,,,25 ,23 ,149 ,,14 ,13 ,7 ,11 ,4 ,8 ,,,,3 
전북특별자치도,순창군,여성,260 ,,1 ,,1 ,,,,,,,,4 ,,,,1 ,2 ,21 ,40 ,,25 ,11 ,20 ,16 ,35 ,83 ,,,,0 
전북특별자치도,완주군,총계,"5,354 ",,"1,433 ",1 ,482 ,,,,2 ,3 ,70 ,2 ,10 ,12 ,,,1 ,199 ,194 ,"1,619 ",,177 ,63 ,171 ,268 ,131 ,378 ,72 ,1 ,42 ,23 
전북특별자치도,완주군,남성,"3,394 ",,"1,021 ",1 ,378 ,,,,2 ,3 ,53 ,2 ,2 ,9 ,,,,189 ,32 ,"1,202 ",,66 ,32 ,50 ,152 ,47 ,47 ,64 ,,28 ,14 
전북특별자치도,완주군,여성,"1,960 ",,412 ,,104 ,,,,,,17 ,,8 ,3 ,,,1 ,10 ,162 ,417 ,,111 ,31 ,121 ,116 ,84 ,331 ,8 ,1 ,14 ,9 
전북특별자치도,익산시,총계,"7,942 ",,"1,468 ",12 ,615 ,,3 ,2 ,18 ,1 ,125 ,5 ,50 ,13 ,,,,319 ,32 ,"2,296 ",1 ,365 ,80 ,262 ,554 ,386 ,906 ,314 ,1 ,63 ,51 
전북특별자치도,익산시,남성,"4,443 ",,808 ,8 ,385 ,,1 ,1 ,15 ,1 ,62 ,2 ,9 ,8 ,,,,301 ,13 ,"1,672 ",1 ,138 ,44 ,78 ,286 ,137 ,143 ,252 ,1 ,38 ,39 
전북특별자치도,익산시,여성,"3,499 ",,660 ,4 ,230 ,,2 ,1 ,3 ,,63 ,3 ,41 ,5 ,,,,18 ,19 ,624 ,,227 ,36 ,184 ,268 ,249 ,763 ,62 ,,25 ,12 
전북특별자치도,임실군,총계,493 ,,,1 ,,,,,,,1 ,,3 ,,,,,21 ,65 ,185 ,,45 ,19 ,13 ,33 ,15 ,89 ,2 ,,,1 
전북특별자치도,임실군,남성,252 ,,,1 ,,,,,,,1 ,,,,,,,18 ,40 ,140 ,,16 ,8 ,3 ,12 ,3 ,8 ,1 ,,,1 
전북특별자치도,임실군,여성,241 ,,,,,,,,,,,,3 ,,,,,3 ,25 ,45 ,,29 ,11 ,10 ,21 ,12 ,81 ,1 ,,,0 
전북특별자치도,장수군,총계,492 ,,1 ,,,,,,,,3 ,,5 ,,,,,23 ,45 ,202 ,,43 ,7 ,12 ,32 ,24 ,86 ,3 ,,3 ,3 
전북특별자치도,장수군,남성,256 ,,1 ,,,,,,,,2 ,,1 ,,,,,23 ,30 ,154 ,,16 ,3 ,3 ,10 ,6 ,4 ,1 ,,2 ,0 
전북특별자치도,장수군,여성,236 ,,,,,,,,,,1 ,,4 ,,,,,,15 ,48 ,,27 ,4 ,9 ,22 ,18 ,82 ,2 ,,1 ,3 
전북특별자치도,전주시 덕진구,총계,"7,478 ",,"3,372 ",5 ,375 ,,2 ,1 ,16 ,5 ,235 ,5 ,86 ,76 ,,,14 ,104 ,3 ,585 ,,292 ,150 ,382 ,475 ,316 ,653 ,237 ,6 ,58 ,25 
전북특별자치도,전주시 덕진구,남성,"3,507 ",,"1,530 ",4 ,186 ,,1 ,1 ,12 ,2 ,128 ,2 ,26 ,60 ,,,9 ,91 ,3 ,473 ,,99 ,77 ,161 ,214 ,115 ,92 ,163 ,1 ,38 ,19 
전북특별자치도,전주시 덕진구,여성,"3,971 ",,"1,842 ",1 ,189 ,,1 ,,4 ,3 ,107 ,3 ,60 ,16 ,,,5 ,13 ,,112 ,,193 ,73 ,221 ,261 ,201 ,561 ,74 ,5 ,20 ,6 
전북특별자치도,전주시 완산구,총계,"5,652 ",,"1,694 ",1 ,"1,039 ",,37 ,,10 ,3 ,404 ,7 ,102 ,20 ,,,2 ,63 ,,229 ,,226 ,96 ,162 ,555 ,242 ,582 ,126 ,6 ,28 ,18 
전북특별자치도,전주시 완산구,남성,"2,734 ",,891 ,1 ,616 ,,5 ,,6 ,2 ,193 ,6 ,31 ,16 ,,,2 ,55 ,,185 ,,79 ,48 ,90 ,253 ,82 ,72 ,70 ,2 ,16 ,13 
전북특별자치도,전주시 완산구,여성,"2,918 ",,803 ,,423 ,,32 ,,4 ,1 ,211 ,1 ,71 ,4 ,,,,8 ,,44 ,,147 ,48 ,72 ,302 ,160 ,510 ,56 ,4 ,12 ,5 
전북특별자치도,정읍시,총계,"4,111 ",,179 ,3 ,367 ,,2 ,,5 ,2 ,84 ,,18 ,4 ,,,,230 ,300 ,"1,196 ",,182 ,182 ,239 ,327 ,162 ,420 ,125 ,,55 ,29 
전북특별자치도,정읍시,남성,"2,582 ",,101 ,1 ,225 ,,,,1 ,1 ,46 ,,4 ,2 ,,,,229 ,172 ,"1,102 ",,69 ,125 ,58 ,165 ,42 ,76 ,104 ,,37 ,22 
전북특별자치도,정읍시,여성,"1,529 ",,78 ,2 ,142 ,,2 ,,4 ,1 ,38 ,,14 ,2 ,,,,1 ,128 ,94 ,,113 ,57 ,181 ,162 ,120 ,344 ,21 ,,18 ,7 
전북특별자치도,진안군,총계,552 ,,2 ,1 ,,,5 ,,,,,,8 ,,,,,31 ,110 ,156 ,,39 ,7 ,15 ,41 ,29 ,101 ,5 ,,2 ,0 
전북특별자치도,진안군,남성,300 ,,,,,,5 ,,,,,,2 ,,,,,26 ,78 ,130 ,,18 ,4 ,5 ,17 ,4 ,6 ,3 ,,2 ,0 
전북특별자치도,진안군,여성,252 ,,2 ,1 ,,,,,,,,,6 ,,,,,5 ,32 ,26 ,,21 ,3 ,10 ,24 ,25 ,95 ,2 ,,,0 
제주특별자치도,총계,총계,"32,109 ",2 ,"1,094 ",,499 ,,44 ,16 ,84 ,2 ,269 ,8 ,257 ,41 ,1 ,,193 ,"4,175 ","1,106 ","4,918 ","3,166 ","1,027 ","2,332 ",799 ,"3,563 ","3,852 ","2,722 ","1,477 ",16 ,278 ,168 
제주특별자치도,서귀포시,총계,"10,972 ",1 ,25 ,,51 ,,9 ,,45 ,1 ,26 ,,82 ,2 ,1 ,,75 ,"1,613 ",520 ,"2,087 ","1,432 ",310 ,"1,056 ",397 ,852 ,"1,180 ",845 ,260 ,5 ,61 ,36 
제주특별자치도,서귀포시,남성,"6,826 ",1 ,12 ,,20 ,,5 ,,40 ,,7 ,,27 ,1 ,1 ,,54 ,776 ,316 ,"2,035 ","1,432 ",118 ,519 ,176 ,381 ,505 ,172 ,164 ,1 ,39 ,24 
제주특별자치도,서귀포시,여성,"4,146 ",,13 ,,31 ,,4 ,,5 ,1 ,19 ,,55 ,1 ,,,21 ,837 ,204 ,52 ,,192 ,537 ,221 ,471 ,675 ,673 ,96 ,4 ,22 ,12 
제주특별자치도,제주시,총계,"21,137 ",1 ,"1,069 ",,448 ,,35 ,16 ,39 ,1 ,243 ,8 ,175 ,39 ,,,118 ,"2,562 ",586 ,"2,831 ","1,734 ",717 ,"1,276 ",402 ,"2,711 ","2,672 ","1,877 ","1,217 ",11 ,217 ,132 
제주특별자치도,제주시,남성,"11,695 ",1 ,579 ,,288 ,,17 ,14 ,29 ,1 ,113 ,4 ,52 ,24 ,,,77 ,"1,074 ",322 ,"2,702 ","1,734 ",262 ,608 ,138 ,"1,263 ","1,225 ",324 ,643 ,1 ,118 ,82 
제주특별자치도,제주시,여성,"9,442 ",,490 ,,160 ,,18 ,2 ,10 ,,130 ,4 ,123 ,15 ,,,41 ,"1,488 ",264 ,129 ,,455 ,668 ,264 ,"1,448 ","1,447 ","1,553 ",574 ,10 ,99 ,50 
충청남도,총계,총계,"142,279 ",2 ,"10,902 ",48 ,"5,102 ",,113 ,10 ,248 ,185 ,"1,455 ",53 ,529 ,80 ,4 ,,49 ,"5,064 ","4,767 ","31,873 ","1,995 ","5,447 ","3,720 ","5,447 ","35,061 ","10,565 ","8,670 ","4,940 ",26 ,"3,693 ","2,231 "
충청남도,계룡시,총계,353 ,,5 ,,,,11 ,,3 ,,,,9 ,,,,,9 ,,77 ,,40 ,3 ,16 ,65 ,32 ,75 ,2 ,,4 ,2 
충청남도,계룡시,남성,166 ,,3 ,,,,7 ,,2 ,,,,4 ,,,,,8 ,,70 ,,19 ,1 ,7 ,19 ,10 ,12 ,2 ,,1 ,1 
충청남도,계룡시,여성,187 ,,2 ,,,,4 ,,1 ,,,,5 ,,,,,1 ,,7 ,,21 ,2 ,9 ,46 ,22 ,63 ,,,3 ,1 
충청남도,공주시,총계,"3,452 ",,266 ,,215 ,,64 ,,7 ,,33 ,2 ,36 ,3 ,,,,187 ,514 ,872 ,,140 ,104 ,135 ,307 ,168 ,343 ,28 ,1 ,24 ,3 
충청남도,공주시,남성,"1,954 ",,104 ,,130 ,,,,7 ,,18 ,2 ,10 ,2 ,,,,175 ,298 ,784 ,,49 ,47 ,28 ,136 ,81 ,50 ,17 ,,13 ,3 
충청남도,공주시,여성,"1,498 ",,162 ,,85 ,,64 ,,,,15 ,,26 ,1 ,,,,12 ,216 ,88 ,,91 ,57 ,107 ,171 ,87 ,293 ,11 ,1 ,11 ,0 
충청남도,금산군,총계,"3,620 ",,563 ,,187 ,,8 ,,2 ,1 ,74 ,,10 ,,,,,185 ,327 ,"1,347 ",,100 ,94 ,192 ,154 ,68 ,242 ,41 ,,11 ,14 
충청남도,금산군,남성,"1,954 ",,308 ,,111 ,,8 ,,1 ,1 ,42 ,,1 ,,,,,168 ,136 ,844 ,,46 ,57 ,51 ,74 ,25 ,31 ,32 ,,8 ,10 
충청남도,금산군,여성,"1,666 ",,255 ,,76 ,,,,1 ,,32 ,,9 ,,,,,17 ,191 ,503 ,,54 ,37 ,141 ,80 ,43 ,211 ,9 ,,3 ,4 
충청남도,논산시,총계,"8,376 ",,500 ,1 ,337 ,,1 ,,15 ,,11 ,,9 ,,,,3 ,399 ,726 ,"3,719 ",,249 ,94 ,269 ,610 ,182 ,488 ,602 ,,87 ,74 
충청남도,논산시,남성,"4,513 ",,264 ,1 ,161 ,,1 ,,12 ,,5 ,,,,,,1 ,357 ,340 ,"2,130 ",,90 ,62 ,65 ,315 ,84 ,64 ,448 ,,55 ,58 
충청남도,논산시,여성,"3,863 ",,236 ,,176 ,,,,3 ,,6 ,,9 ,,,,2 ,42 ,386 ,"1,589 ",,159 ,32 ,204 ,295 ,98 ,424 ,154 ,,32 ,16 
충청남도,당진시,총계,"11,826 ",,443 ,2 ,69 ,,,2 ,29 ,27 ,110 ,,31 ,,,,18 ,566 ,321 ,"2,931 ",,348 ,329 ,653 ,"2,962 ","1,084 ",896 ,490 ,2 ,396 ,117 
충청남도,당진시,남성,"7,678 ",,334 ,1 ,55 ,,,2 ,20 ,27 ,81 ,,10 ,,,,11 ,554 ,203 ,"2,770 ",,142 ,125 ,202 ,"1,719 ",609 ,99 ,374 ,1 ,243 ,96 
충청남도,당진시,여성,"4,148 ",,109 ,1 ,14 ,,,,9 ,,29 ,,21 ,,,,7 ,12 ,118 ,161 ,,206 ,204 ,451 ,"1,243 ",475 ,797 ,116 ,1 ,153 ,21 
충청남도,보령시,총계,"5,259 ",,603 ,14 ,54 ,,1 ,,4 ,,104 ,,24 ,,,,1 ,253 ,26 ,"1,808 ",938 ,112 ,207 ,191 ,348 ,151 ,304 ,62 ,,34 ,20 
충청남도,보령시,남성,"4,011 ",,465 ,14 ,42 ,,1 ,,2 ,,71 ,,5 ,,,,,243 ,10 ,"1,665 ",938 ,43 ,138 ,48 ,147 ,61 ,41 ,41 ,,16 ,20 
충청남도,보령시,여성,"1,248 ",,138 ,,12 ,,,,2 ,,33 ,,19 ,,,,1 ,10 ,16 ,143 ,,69 ,69 ,143 ,201 ,90 ,263 ,21 ,,18 ,0 
충청남도,부여군,총계,"2,386 ",2 ,40 ,,,,,,,1 ,5 ,,12 ,,,,,114 ,493 ,"1,080 ",,76 ,13 ,29 ,137 ,52 ,226 ,82 ,,15 ,9 
충청남도,부여군,남성,"1,329 ",1 ,31 ,,,,,,,1 ,3 ,,,,,,,107 ,225 ,759 ,,29 ,7 ,3 ,60 ,10 ,11 ,72 ,,6 ,4 
충청남도,부여군,여성,"1,057 ",1 ,9 ,,,,,,,,2 ,,12 ,,,,,7 ,268 ,321 ,,47 ,6 ,26 ,77 ,42 ,215 ,10 ,,9 ,5 
충청남도,서산시,총계,"8,035 ",,335 ,3 ,230 ,,2 ,6 ,9 ,26 ,46 ,6 ,51 ,,3 ,,3 ,251 ,355 ,"1,443 ",4 ,333 ,237 ,247 ,"1,835 ","1,074 ",682 ,566 ,,259 ,29 
충청남도,서산시,남성,"4,731 ",,176 ,3 ,165 ,,2 ,6 ,8 ,26 ,24 ,5 ,12 ,,3 ,,1 ,240 ,201 ,"1,233 ",4 ,128 ,80 ,70 ,"1,004 ",597 ,95 ,469 ,,159 ,20 
충청남도,서산시,여성,"3,304 ",,159 ,,65 ,,,,1 ,,22 ,1 ,39 ,,,,2 ,11 ,154 ,210 ,,205 ,157 ,177 ,831 ,477 ,587 ,97 ,,100 ,9 
충청남도,서천군,총계,"2,794 ",,2 ,,6 ,,3 ,,2 ,,6 ,,9 ,,,,,121 ,443 ,"1,356 ",363 ,50 ,63 ,48 ,66 ,63 ,164 ,11 ,,6 ,12 
충청남도,서천군,남성,"2,028 ",,,,5 ,,3 ,,2 ,,2 ,,1 ,,,,,97 ,246 ,"1,180 ",363 ,18 ,20 ,15 ,25 ,21 ,6 ,9 ,,3 ,12 
충청남도,서천군,여성,766 ,,2 ,,1 ,,,,,,4 ,,8 ,,,,,24 ,197 ,176 ,,32 ,43 ,33 ,41 ,42 ,158 ,2 ,,3 ,0 
충청남도,아산시,총계,"41,195 ",,"2,325 ",11 ,"1,104 ",,7 ,1 ,37 ,26 ,257 ,11 ,89 ,17 ,1 ,,8 ,"1,008 ",207 ,"5,783 ",,"2,178 ","1,035 ","1,800 ","15,788 ","3,035 ","1,780 ","1,379 ",2 ,"1,606 ","1,700 "
충청남도,아산시,남성,"23,926 ",,"1,180 ",11 ,504 ,,6 ,1 ,33 ,24 ,155 ,7 ,21 ,11 ,1 ,,8 ,970 ,111 ,"5,422 ",,927 ,407 ,698 ,"8,334 ","1,837 ",336 ,"1,093 ",1 ,918 ,910 
충청남도,아산시,여성,"17,269 ",,"1,145 ",,600 ,,1 ,,4 ,2 ,102 ,4 ,68 ,6 ,,,,38 ,96 ,361 ,,"1,251 ",628 ,"1,102 ","7,454 ","1,198 ","1,444 ",286 ,1 ,688 ,790 
충청남도,예산군,총계,"4,964 ",,37 ,,4 ,,3 ,,2 ,,8 ,,12 ,,,,,360 ,549 ,"1,643 ",11 ,172 ,267 ,279 ,798 ,264 ,304 ,185 ,1 ,50 ,15 
충청남도,예산군,남성,"3,282 ",,21 ,,2 ,,3 ,,2 ,,5 ,,1 ,,,,,351 ,212 ,"1,561 ",11 ,71 ,169 ,79 ,417 ,147 ,37 ,152 ,1 ,30 ,10 
충청남도,예산군,여성,"1,682 ",,16 ,,2 ,,,,,,3 ,,11 ,,,,,9 ,337 ,82 ,,101 ,98 ,200 ,381 ,117 ,267 ,33 ,,20 ,5 
충청남도,천안시 동남구,총계,"17,085 ",,"1,852 ",3 ,558 ,,5 ,,33 ,5 ,175 ,7 ,45 ,32 ,,,5 ,505 ,136 ,"2,995 ",1 ,579 ,476 ,658 ,"5,043 ","1,747 ","1,027 ",588 ,5 ,530 ,75 
충청남도,천안시 동남구,남성,"10,224 ",,"1,117 ",3 ,311 ,,4 ,,23 ,2 ,94 ,6 ,11 ,22 ,,,3 ,473 ,85 ,"2,764 ",1 ,235 ,181 ,213 ,"2,641 ",974 ,201 ,482 ,,313 ,65 
충청남도,천안시 동남구,여성,"6,861 ",,735 ,,247 ,,1 ,,10 ,3 ,81 ,1 ,34 ,10 ,,,2 ,32 ,51 ,231 ,,344 ,295 ,445 ,"2,402 ",773 ,826 ,106 ,5 ,217 ,10 
충청남도,천안시 서북구,총계,"24,110 ",,"3,492 ",14 ,"2,006 ",,5 ,1 ,104 ,99 ,559 ,27 ,135 ,28 ,,,10 ,724 ,80 ,"3,649 ",1 ,776 ,658 ,710 ,"5,972 ","2,242 ","1,446 ",688 ,14 ,552 ,118 
충청남도,천안시 서북구,남성,"13,445 ",,"1,632 ",10 ,928 ,,2 ,1 ,85 ,96 ,216 ,16 ,31 ,20 ,,,9 ,668 ,44 ,"3,332 ",1 ,293 ,295 ,228 ,"3,119 ","1,225 ",273 ,521 ,,329 ,71 
충청남도,천안시 서북구,여성,"10,665 ",,"1,860 ",4 ,"1,078 ",,3 ,,19 ,3 ,343 ,11 ,104 ,8 ,,,1 ,56 ,36 ,317 ,,483 ,363 ,482 ,"2,853 ","1,017 ","1,173 ",167 ,14 ,223 ,47 
충청남도,청양군,총계,"1,268 ",,2 ,,,,1 ,,,,3 ,,5 ,,,,,128 ,222 ,462 ,,49 ,46 ,47 ,115 ,45 ,125 ,7 ,,7 ,4 
충청남도,청양군,남성,710 ,,2 ,,,,1 ,,,,1 ,,,,,,,111 ,110 ,352 ,,21 ,26 ,12 ,39 ,17 ,5 ,5 ,,5 ,3 
충청남도,청양군,여성,558 ,,,,,,,,,,2 ,,5 ,,,,,17 ,112 ,110 ,,28 ,20 ,35 ,76 ,28 ,120 ,2 ,,2 ,1 
충청남도,태안군,총계,"2,666 ",,1 ,,2 ,,,,,,2 ,,14 ,,,,1 ,72 ,94 ,974 ,660 ,75 ,34 ,34 ,300 ,108 ,192 ,34 ,,53 ,16 
충청남도,태안군,남성,"2,039 ",,1 ,,,,,,,,1 ,,2 ,,,,,65 ,50 ,951 ,660 ,31 ,17 ,12 ,138 ,38 ,11 ,24 ,,25 ,13 
충청남도,태안군,여성,627 ,,,,2 ,,,,,,1 ,,12 ,,,,1 ,7 ,44 ,23 ,,44 ,17 ,22 ,162 ,70 ,181 ,10 ,,28 ,3 
충청남도,홍성군,총계,"4,890 ",,436 ,,330 ,,2 ,,1 ,,62 ,,38 ,,,,,182 ,274 ,"1,734 ",17 ,170 ,60 ,139 ,561 ,250 ,376 ,175 ,1 ,59 ,23 
충청남도,홍성군,남성,"3,145 ",,250 ,,220 ,,2 ,,1 ,,31 ,,12 ,,,,,176 ,125 ,"1,535 ",17 ,70 ,35 ,37 ,277 ,116 ,50 ,130 ,,40 ,21 
충청남도,홍성군,여성,"1,745 ",,186 ,,110 ,,,,,,31 ,,26 ,,,,,6 ,149 ,199 ,,100 ,25 ,102 ,284 ,134 ,326 ,45 ,1 ,19 ,2 
충청북도,총계,총계,"78,978 ",14 ,"9,120 ",40 ,"2,267 ",1 ,44 ,27 ,219 ,45 ,418 ,25 ,296 ,69 ,,,25 ,"3,519 ",517 ,"21,249 ",,"2,961 ","2,021 ","3,470 ","16,385 ","4,993 ","5,419 ","3,399 ",34 ,"1,995 ",406 
충청북도,괴산군,총계,"1,328 ",,114 ,,62 ,,1 ,,1 ,,,,2 ,,,,,95 ,25 ,571 ,,34 ,23 ,43 ,134 ,41 ,145 ,16 ,,18 ,3 
충청북도,괴산군,남성,908 ,,60 ,,49 ,,1 ,,1 ,,,,,,,,,88 ,25 ,510 ,,13 ,17 ,7 ,77 ,16 ,17 ,14 ,,10 ,3 
충청북도,괴산군,여성,420 ,,54 ,,13 ,,,,,,,,2 ,,,,,7 ,,61 ,,21 ,6 ,36 ,57 ,25 ,128 ,2 ,,8 ,0 
충청북도,단양군,총계,436 ,,5 ,,,,4 ,,,,2 ,,3 ,,,,,25 ,12 ,82 ,,22 ,62 ,48 ,42 ,33 ,85 ,8 ,1 ,2 ,0 
충청북도,단양군,남성,230 ,,2 ,,,,4 ,,,,,,1 ,,,,,24 ,9 ,80 ,,9 ,33 ,25 ,15 ,11 ,10 ,5 ,,2 ,0 
충청북도,단양군,여성,206 ,,3 ,,,,,,,,2 ,,2 ,,,,,1 ,3 ,2 ,,13 ,29 ,23 ,27 ,22 ,75 ,3 ,1 ,,0 
충청북도,보은군,총계,950 ,,10 ,,1 ,,5 ,,2 ,,1 ,,4 ,,,,,99 ,1 ,329 ,,56 ,58 ,80 ,112 ,46 ,121 ,16 ,,9 ,0 
충청북도,보은군,남성,552 ,,10 ,,,,1 ,,1 ,,,,,,,,,95 ,1 ,267 ,,25 ,35 ,21 ,59 ,12 ,12 ,11 ,,2 ,0 
충청북도,보은군,여성,398 ,,,,1 ,,4 ,,1 ,,1 ,,4 ,,,,,4 ,,62 ,,31 ,23 ,59 ,53 ,34 ,109 ,5 ,,7 ,0 
충청북도,영동군,총계,"1,232 ",,123 ,,149 ,,,,,,29 ,,5 ,,,,1 ,80 ,45 ,292 ,,72 ,24 ,50 ,102 ,43 ,141 ,57 ,,13 ,6 
충청북도,영동군,남성,775 ,,96 ,,95 ,,,,,,26 ,,2 ,,,,,76 ,31 ,252 ,,30 ,15 ,11 ,47 ,16 ,12 ,56 ,,6 ,4 
충청북도,영동군,여성,457 ,,27 ,,54 ,,,,,,3 ,,3 ,,,,1 ,4 ,14 ,40 ,,42 ,9 ,39 ,55 ,27 ,129 ,1 ,,7 ,2 
충청북도,옥천군,총계,"1,654 ",,69 ,1 ,11 ,,,,4 ,,5 ,1 ,5 ,,,,,132 ,152 ,646 ,,76 ,51 ,87 ,139 ,62 ,162 ,33 ,1 ,10 ,7 
충청북도,옥천군,남성,"1,136 ",,57 ,1 ,11 ,,,,4 ,,3 ,1 ,,,,,,128 ,110 ,567 ,,25 ,33 ,26 ,75 ,33 ,26 ,25 ,,6 ,5 
충청북도,옥천군,여성,518 ,,12 ,,,,,,,,2 ,,5 ,,,,,4 ,42 ,79 ,,51 ,18 ,61 ,64 ,29 ,136 ,8 ,1 ,4 ,2 
충청북도,음성군,총계,"18,486 ",12 ,733 ,4 ,209 ,,17 ,4 ,23 ,4 ,30 ,,13 ,1 ,,,1 ,"1,117 ",48 ,"8,232 ",,402 ,377 ,705 ,"3,081 ","1,151 ",701 ,"1,057 ",,466 ,98 
충청북도,음성군,남성,"13,249 ",12 ,520 ,3 ,156 ,,6 ,4 ,19 ,4 ,22 ,,6 ,1 ,,,1 ,"1,055 ",27 ,"7,234 ",,143 ,130 ,179 ,"1,793 ",715 ,116 ,738 ,,281 ,84 
충청북도,음성군,여성,"5,237 ",,213 ,1 ,53 ,,11 ,,4 ,,8 ,,7 ,,,,,62 ,21 ,998 ,,259 ,247 ,526 ,"1,288 ",436 ,585 ,319 ,,185 ,14 
충청북도,제천시,총계,"4,031 ",,"1,052 ",,403 ,1 ,1 ,,3 ,5 ,34 ,5 ,23 ,,,,2 ,139 ,,515 ,,158 ,253 ,350 ,435 ,180 ,342 ,87 ,2 ,30 ,11 
충청북도,제천시,남성,"2,242 ",,586 ,,218 ,,,,2 ,5 ,13 ,4 ,3 ,,,,,135 ,,468 ,,63 ,180 ,123 ,225 ,84 ,41 ,66 ,1 ,18 ,7 
충청북도,제천시,여성,"1,789 ",,466 ,,185 ,1 ,1 ,,1 ,,21 ,1 ,20 ,,,,2 ,4 ,,47 ,,95 ,73 ,227 ,210 ,96 ,301 ,21 ,1 ,12 ,4 
충청북도,증평군,총계,"1,834 ",,127 ,,10 ,,,,5 ,2 ,11 ,,4 ,,,,,100 ,2 ,394 ,,79 ,48 ,140 ,386 ,155 ,182 ,124 ,1 ,53 ,11 
충청북도,증평군,남성,"1,147 ",,116 ,,7 ,,,,4 ,2 ,10 ,,,,,,,98 ,2 ,342 ,,34 ,20 ,42 ,216 ,70 ,41 ,96 ,,39 ,8 
충청북도,증평군,여성,687 ,,11 ,,3 ,,,,1 ,,1 ,,4 ,,,,,2 ,,52 ,,45 ,28 ,98 ,170 ,85 ,141 ,28 ,1 ,14 ,3 
충청북도,진천군,총계,"12,126 ",,225 ,8 ,12 ,,,,6 ,3 ,20 ,,17 ,,,,3 ,641 ,100 ,"3,860 ",,462 ,344 ,554 ,"3,004 ",943 ,562 ,810 ,,437 ,115 
충청북도,진천군,남성,"8,110 ",,145 ,8 ,5 ,,,,6 ,2 ,14 ,,2 ,,,,3 ,614 ,53 ,"3,516 ",,188 ,141 ,161 ,"1,683 ",529 ,118 ,575 ,,260 ,87 
충청북도,진천군,여성,"4,016 ",,80 ,,7 ,,,,,1 ,6 ,,15 ,,,,,27 ,47 ,344 ,,274 ,203 ,393 ,"1,321 ",414 ,444 ,235 ,,177 ,28 
충청북도,청주시 상당구,총계,"2,157 ",,252 ,,35 ,,,,3 ,1 ,8 ,1 ,21 ,,,,,49 ,22 ,207 ,,171 ,58 ,56 ,487 ,228 ,432 ,54 ,,60 ,12 
충청북도,청주시 상당구,남성,968 ,,141 ,,27 ,,,,3 ,1 ,,1 ,9 ,,,,,42 ,13 ,180 ,,61 ,36 ,18 ,220 ,82 ,66 ,32 ,,28 ,8 
충청북도,청주시 상당구,여성,"1,189 ",,111 ,,8 ,,,,,,8 ,,12 ,,,,,7 ,9 ,27 ,,110 ,22 ,38 ,267 ,146 ,366 ,22 ,,32 ,4 
충청북도,청주시 서원구,총계,"6,778 ",2 ,"1,463 ",,250 ,,2 ,,4 ,3 ,54 ,7 ,39 ,30 ,,,,99 ,7 ,419 ,,364 ,114 ,295 ,"2,358 ",418 ,435 ,188 ,7 ,200 ,20 
충청북도,청주시 서원구,남성,"3,501 ",1 ,833 ,,110 ,,2 ,,2 ,3 ,26 ,4 ,14 ,23 ,,,,92 ,2 ,402 ,,158 ,47 ,134 ,"1,135 ",201 ,69 ,125 ,1 ,103 ,14 
충청북도,청주시 서원구,여성,"3,277 ",1 ,630 ,,140 ,,,,2 ,,28 ,3 ,25 ,7 ,,,,7 ,5 ,17 ,,206 ,67 ,161 ,"1,223 ",217 ,366 ,63 ,6 ,97 ,6 
충청북도,청주시 청원구,총계,"8,577 ",,"2,632 ",12 ,335 ,,11 ,3 ,49 ,16 ,58 ,7 ,47 ,13 ,,,1 ,325 ,8 ,"1,780 ",,239 ,187 ,258 ,"1,156 ",508 ,587 ,147 ,10 ,162 ,26 
충청북도,청주시 청원구,남성,"5,130 ",,"1,509 ",1 ,183 ,,2 ,3 ,40 ,15 ,21 ,3 ,12 ,9 ,,,,310 ,4 ,"1,612 ",,95 ,89 ,65 ,582 ,265 ,81 ,114 ,,96 ,19 
충청북도,청주시 청원구,여성,"3,447 ",,"1,123 ",11 ,152 ,,9 ,,9 ,1 ,37 ,4 ,35 ,4 ,,,1 ,15 ,4 ,168 ,,144 ,98 ,193 ,574 ,243 ,506 ,33 ,10 ,66 ,7 
충청북도,청주시 흥덕구,총계,"11,477 ",,"1,649 ",9 ,447 ,,3 ,14 ,25 ,11 ,130 ,2 ,89 ,12 ,,,13 ,221 ,84 ,"1,303 ",,568 ,275 ,525 ,"3,673 ",728 ,831 ,425 ,11 ,377 ,52 
충청북도,청주시 흥덕구,남성,"6,213 ",,975 ,4 ,245 ,,2 ,14 ,21 ,9 ,68 ,1 ,29 ,7 ,,,11 ,186 ,49 ,"1,121 ",,237 ,115 ,214 ,"1,817 ",384 ,133 ,311 ,1 ,218 ,41 
충청북도,청주시 흥덕구,여성,"5,264 ",,674 ,5 ,202 ,,1 ,,4 ,2 ,62 ,1 ,60 ,5 ,,,2 ,35 ,35 ,182 ,,331 ,160 ,311 ,"1,856 ",344 ,698 ,114 ,10 ,159 ,11 
충청북도,충주시,총계,"7,912 ",,666 ,6 ,343 ,,,6 ,94 ,,36 ,2 ,24 ,13 ,,,4 ,397 ,11 ,"2,619 ",,258 ,147 ,279 ,"1,276 ",457 ,693 ,377 ,1 ,158 ,45 
충청북도,충주시,남성,"4,907 ",,361 ,6 ,246 ,,,6 ,77 ,,21 ,2 ,5 ,10 ,,,1 ,367 ,6 ,"2,128 ",,94 ,60 ,79 ,669 ,258 ,118 ,263 ,,92 ,38 
충청북도,충주시,여성,"3,005 ",,305 ,,97 ,,,,17 ,,15 ,,19 ,3 ,,,3 ,30 ,5 ,491 ,,164 ,87 ,200 ,607 ,199 ,575 ,114 ,1 ,66 ,7 
